"id","longitude","latitude","label","start_date","end_date"
1,-64.6944799243994,-9.98631218307752,"Deforestation","2018-07-14","2019-08-10"
2,-64.6297942235096,-9.99666756392197,"Deforestation","2018-07-14","2019-08-10"
3,-64.521625014157,-9.97977178653196,"Deforestation","2018-07-14","2019-08-10"
4,-64.5204929298378,-10.0036823551838,"Deforestation","2018-07-14","2019-08-10"
5,-64.7076592900856,-10.0615057704589,"Deforestation","2018-07-14","2019-08-10"
6,-64.4830433908517,-10.0581557371367,"Deforestation","2018-07-14","2019-08-10"
7,-64.7122223941479,-10.0774813995969,"Deforestation","2018-07-14","2019-08-10"
8,-64.6921862143848,-10.081131656729,"Deforestation","2018-07-14","2019-08-10"
9,-64.6917103981197,-10.0889966196999,"Deforestation","2018-07-14","2019-08-10"
10,-64.4575504848519,-10.1063808235146,"Deforestation","2018-07-14","2019-08-10"
11,-64.452475111357,-10.1074712357889,"Deforestation","2018-07-14","2019-08-10"
12,-64.725313172521,-10.1308159712975,"Deforestation","2018-07-14","2019-08-10"
13,-64.7283173458029,-10.1355671366509,"Deforestation","2018-07-14","2019-08-10"
14,-64.5366496909586,-10.132420393422,"Deforestation","2018-07-14","2019-08-10"
15,-64.4671706034087,-10.1553776535529,"Deforestation","2018-07-14","2019-08-10"
16,-64.4194623842297,-10.1486882497124,"Deforestation","2018-07-14","2019-08-10"
17,-64.4275579207588,-10.1541831475637,"Deforestation","2018-07-14","2019-08-10"
18,-64.7214209254992,-10.1730738202375,"Deforestation","2018-07-14","2019-08-10"
19,-64.7147968167099,-10.1793014154725,"Deforestation","2018-07-14","2019-08-10"
20,-64.6758014579703,-10.1841782406361,"Deforestation","2018-07-14","2019-08-10"
21,-64.72398773559,-10.2666243299746,"Deforestation","2018-07-14","2019-08-10"
22,-64.6972609299532,-10.2826927116112,"Deforestation","2018-07-14","2019-08-10"
23,-64.6604598820684,-10.280743285701,"Deforestation","2018-07-14","2019-08-10"
24,-64.4734944114914,-10.2308852048984,"Deforestation","2018-07-14","2019-08-10"
25,-64.4321112248035,-10.2259521097966,"Deforestation","2018-07-14","2019-08-10"
26,-64.4729462898134,-10.2677463877429,"Deforestation","2018-07-14","2019-08-10"
27,-64.4566396698934,-10.2880268898284,"Deforestation","2018-07-14","2019-08-10"
28,-64.4688353772285,-10.3331098978426,"Deforestation","2018-07-14","2019-08-10"
29,-64.5000783128737,-10.3406465709149,"Deforestation","2018-07-14","2019-08-10"
30,-64.4990912140657,-10.3526732243851,"Deforestation","2018-07-14","2019-08-10"
31,-64.4042203345601,-10.3710758889639,"Deforestation","2018-07-14","2019-08-10"
32,-64.4478837995856,-10.3771339089805,"Deforestation","2018-07-14","2019-08-10"
33,-64.4716586705942,-10.3820489063525,"Deforestation","2018-07-14","2019-08-10"
34,-64.5035490023798,-10.4223976057085,"Deforestation","2018-07-14","2019-08-10"
35,-64.4555420513047,-10.4279984166673,"Deforestation","2018-07-14","2019-08-10"
36,-64.4609142577345,-10.4131391222869,"Deforestation","2018-07-14","2019-08-10"
37,-64.4843462219498,-10.4339421344194,"Deforestation","2018-07-14","2019-08-10"
38,-64.6723826947809,-10.3336860087127,"Deforestation","2018-07-14","2019-08-10"
39,-64.6116111615047,-10.3686917413664,"Deforestation","2018-07-14","2019-08-10"
40,-64.4842301899473,-10.4367575788348,"Deforestation","2018-07-14","2019-08-10"
41,-64.5339395984255,-10.4336227512731,"Deforestation","2018-07-14","2019-08-10"
42,-64.4544493281113,-10.4177246972103,"Deforestation","2018-07-14","2019-08-10"
43,-64.3371172108025,-10.4286965936762,"Deforestation","2018-07-14","2019-08-10"
44,-64.5063705366585,-10.4854463669925,"Deforestation","2018-07-14","2019-08-10"
45,-64.4479352348772,-10.4846838660203,"Deforestation","2018-07-14","2019-08-10"
46,-64.4456477319605,-10.4803861332677,"Deforestation","2018-07-14","2019-08-10"
47,-64.6191608267872,-10.493966559254,"Deforestation","2018-07-14","2019-08-10"
48,-64.5756178772456,-10.4870913566948,"Deforestation","2018-07-14","2019-08-10"
49,-64.7072473445347,-10.4299801438889,"Deforestation","2018-07-14","2019-08-10"
50,-64.6671072847879,-10.4270157083387,"Deforestation","2018-07-14","2019-08-10"
51,-64.6504423498033,-10.44472220176,"Deforestation","2018-07-14","2019-08-10"
52,-64.7068646049261,-10.5212314461329,"Deforestation","2018-07-14","2019-08-10"
53,-64.6913008026633,-10.5472187122965,"Deforestation","2018-07-14","2019-08-10"
54,-64.3519151545719,-10.4354303071239,"Deforestation","2018-07-14","2019-08-10"
55,-64.3166623541423,-10.0917743822325,"Deforestation","2018-07-14","2019-08-10"
56,-64.292527975111,-10.1167019098704,"Deforestation","2018-07-14","2019-08-10"
57,-64.3858928968095,-10.1233870195551,"Deforestation","2018-07-14","2019-08-10"
58,-64.18054649441,-10.1412511139879,"Deforestation","2018-07-14","2019-08-10"
59,-64.211855712467,-10.1582380301678,"Deforestation","2018-07-14","2019-08-10"
60,-64.2464956984024,-10.1837739172356,"Deforestation","2018-07-14","2019-08-10"
61,-64.2544895413106,-10.1923228881235,"Deforestation","2018-07-14","2019-08-10"
62,-64.2462098469794,-10.2196865318469,"Deforestation","2018-07-14","2019-08-10"
63,-64.2127121523291,-10.2459914699772,"Deforestation","2018-07-14","2019-08-10"
64,-64.2132601718735,-10.2503071238892,"Deforestation","2018-07-14","2019-08-10"
65,-64.179858287805,-10.4057821437446,"Deforestation","2018-07-14","2019-08-10"
66,-64.156815153501,-10.3911952055155,"Deforestation","2018-07-14","2019-08-10"
67,-63.9871231763862,-10.1604448539996,"Deforestation","2018-07-14","2019-08-10"
68,-63.9603629659658,-10.2190070536151,"Deforestation","2018-07-14","2019-08-10"
69,-64.0540883406265,-10.2140945512191,"Deforestation","2018-07-14","2019-08-10"
70,-63.9917477966237,-10.0709736479549,"Deforestation","2018-07-14","2019-08-10"
71,-63.7734754292379,-10.3404229144299,"Deforestation","2018-07-14","2019-08-10"
72,-63.8222045394478,-10.3596004387511,"Deforestation","2018-07-14","2019-08-10"
73,-63.8207992291649,-10.3646361339316,"Deforestation","2018-07-14","2019-08-10"
74,-63.7348181391421,-10.4158011126245,"Deforestation","2018-07-14","2019-08-10"
75,-63.7298943927756,-10.2000069090931,"Deforestation","2018-07-14","2019-08-10"
76,-63.7346032908574,-10.0284355918524,"Deforestation","2018-07-14","2019-08-10"
77,-63.8126028104897,-10.1507343584019,"Deforestation","2018-07-14","2019-08-10"
78,-64.2413634719588,-10.4843324429172,"Deforestation","2018-07-14","2019-08-10"
79,-64.2354016109727,-10.4341504993653,"Deforestation","2018-07-14","2019-08-10"
80,-64.2093990925425,-10.4590519339531,"Deforestation","2018-07-14","2019-08-10"
81,-64.2951501675352,-10.5118864197529,"Deforestation","2018-07-14","2019-08-10"
82,-64.2541679467001,-10.5430829397423,"Deforestation","2018-07-14","2019-08-10"
83,-64.2618934999994,-10.5590490832274,"Deforestation","2018-07-14","2019-08-10"
84,-64.279919791031,-10.5434508232327,"Deforestation","2018-07-14","2019-08-10"
85,-64.140341276751,-10.4812120841805,"Deforestation","2018-07-14","2019-08-10"
86,-64.0890374262069,-10.4598716565362,"Deforestation","2018-07-14","2019-08-10"
87,-64.0815414476786,-10.4588377284633,"Deforestation","2018-07-14","2019-08-10"
88,-64.1491344954421,-10.5226827869626,"Deforestation","2018-07-14","2019-08-10"
89,-64.129378462036,-10.6062340875973,"Deforestation","2018-07-14","2019-08-10"
90,-64.1036632004042,-10.607408345996,"Deforestation","2018-07-14","2019-08-10"
91,-64.1244802343713,-10.5684237187486,"Deforestation","2018-07-14","2019-08-10"
92,-63.9720842972032,-10.4841706764632,"Deforestation","2018-07-14","2019-08-10"
93,-63.9923273001505,-10.4353841923728,"Deforestation","2018-07-14","2019-08-10"
94,-63.839383030488,-10.4612498426541,"Deforestation","2018-07-14","2019-08-10"
95,-63.8235140808697,-10.4453808930358,"Deforestation","2018-07-14","2019-08-10"
96,-63.7265371665355,-10.4743270326174,"Deforestation","2018-07-14","2019-08-10"
97,-63.7100253775229,-10.5121994563593,"Deforestation","2018-07-14","2019-08-10"
98,-63.9965357161725,-10.6144951140378,"Deforestation","2018-07-14","2019-08-10"
99,-63.9899035468286,-10.6188583833431,"Deforestation","2018-07-14","2019-08-10"
100,-63.9938483458319,-10.8025172661833,"Deforestation","2018-07-14","2019-08-10"
101,-63.960904197177,-10.7829464848041,"Deforestation","2018-07-14","2019-08-10"
102,-63.9264922399185,-10.773650363649,"Deforestation","2018-07-14","2019-08-10"
103,-63.8703893332981,-10.7897962582869,"Deforestation","2018-07-14","2019-08-10"
104,-63.8707155129878,-10.7972983911489,"Deforestation","2018-07-14","2019-08-10"
105,-63.946715380677,-10.826328383528,"Deforestation","2018-07-14","2019-08-10"
106,-64.4198347934678,-10.0088726029417,"Forest","2018-07-14","2019-08-10"
107,-64.4759566140605,-10.0071923089119,"Forest","2018-07-14","2019-08-10"
108,-64.424875675557,-10.073059834877,"Forest","2018-07-14","2019-08-10"
109,-64.4359656161532,-10.0885185399504,"Forest","2018-07-14","2019-08-10"
110,-64.5095624946549,-10.0965839512931,"Forest","2018-07-14","2019-08-10"
111,-64.5122509651025,-10.0562568945798,"Forest","2018-07-14","2019-08-10"
112,-64.5781184910675,-10.1009527157703,"Forest","2018-07-14","2019-08-10"
113,-64.641297546585,-10.1046493626357,"Forest","2018-07-14","2019-08-10"
114,-64.6325600176304,-10.1621154184522,"Forest","2018-07-14","2019-08-10"
115,-64.6265109591235,-10.1943770638228,"Forest","2018-07-14","2019-08-10"
116,-64.6416336053909,-10.2239502387459,"Forest","2018-07-14","2019-08-10"
117,-64.682968838522,-10.2525152372511,"Forest","2018-07-14","2019-08-10"
118,-64.5757660794259,-10.2585642957581,"Forest","2018-07-14","2019-08-10"
119,-64.5203163764451,-10.2498267668036,"Forest","2018-07-14","2019-08-10"
120,-64.4954480248053,-10.2222699447162,"Forest","2018-07-14","2019-08-10"
121,-64.5256933173402,-10.1876558877039,"Forest","2018-07-14","2019-08-10"
122,-64.491079260328,-10.1762298883018,"Forest","2018-07-14","2019-08-10"
123,-64.5112427886846,-10.1345585963648,"Forest","2018-07-14","2019-08-10"
124,-64.5606434331584,-10.1469927721847,"Forest","2018-07-14","2019-08-10"
125,-64.5784545498734,-10.1372470668123,"Forest","2018-07-14","2019-08-10"
126,-64.5828233143507,-10.199417945912,"Forest","2018-07-14","2019-08-10"
127,-64.5922329609171,-10.175221711884,"Forest","2018-07-14","2019-08-10"
128,-64.5734136677843,-10.2313435324766,"Forest","2018-07-14","2019-08-10"
129,-64.4373098513769,-10.1291816554696,"Forest","2018-07-14","2019-08-10"
130,-64.4584815561514,-10.0391178954766,"Forest","2018-07-14","2019-08-10"
131,-64.5300620818175,-10.0176101318962,"Forest","2018-07-14","2019-08-10"
132,-64.6537317224049,-10.0871743047266,"Forest","2018-07-14","2019-08-10"
133,-64.6755755447913,-10.2424334730728,"Forest","2018-07-14","2019-08-10"
134,-64.6006344310658,-10.2343680617301,"Forest","2018-07-14","2019-08-10"
135,-64.6234864298699,-10.1285095378578,"Forest","2018-07-14","2019-08-10"
136,-64.4749484376427,-10.1261571262161,"Forest","2018-07-14","2019-08-10"
137,-64.4648666734643,-10.0740680112948,"Forest","2018-07-14","2019-08-10"
138,-64.5976099018122,-10.0824694814434,"Forest","2018-07-14","2019-08-10"
139,-64.6544038400168,-10.1046493626357,"Forest","2018-07-14","2019-08-10"
140,-64.5105706710727,-10.0216428375675,"Forest","2018-07-14","2019-08-10"
141,-64.436973792571,-9.99912689756929,"Forest","2018-07-14","2019-08-10"
142,-64.4420146746601,-10.031052484134,"Forest","2018-07-14","2019-08-10"
143,-64.4951119659993,-10.0767564817424,"Forest","2018-07-14","2019-08-10"
144,-64.5334226698769,-10.1476648897966,"Forest","2018-07-14","2019-08-10"
145,-64.5589631391287,-10.2034506515833,"Forest","2018-07-14","2019-08-10"
146,-64.5411520224136,-10.2518431196392,"Forest","2018-07-14","2019-08-10"
147,-64.5656843152476,-10.2662936482948,"Forest","2018-07-14","2019-08-10"
148,-64.6517153695692,-10.265285471877,"Forest","2018-07-14","2019-08-10"
149,-64.6456663110623,-10.2457940611322,"Forest","2018-07-14","2019-08-10"
150,-64.6197897830046,-10.1651399477057,"Forest","2018-07-14","2019-08-10"
151,-64.5713973149486,-10.1708529474067,"Forest","2018-07-14","2019-08-10"
152,-64.5922329609171,-10.1325422435291,"Forest","2018-07-14","2019-08-10"
153,-64.4870465546566,-10.1584187715868,"Forest","2018-07-14","2019-08-10"
154,-64.4050482060063,-10.0243313080151,"Forest","2018-07-14","2019-08-10"
155,-64.4924234955518,-9.98635666294341,"Forest","2018-07-14","2019-08-10"
156,-64.5213245528629,-10.0142495438368,"Forest","2018-07-14","2019-08-10"
157,-64.6302076059888,-10.0649944235343,"Forest","2018-07-14","2019-08-10"
158,-64.6661658982248,-10.0596174826392,"Forest","2018-07-14","2019-08-10"
159,-64.7111977782213,-10.0545766005501,"Forest","2018-07-14","2019-08-10"
160,-64.707501131356,-9.99946295637523,"Forest","2018-07-14","2019-08-10"
161,-64.6806164268804,-10.1231325969627,"Forest","2018-07-14","2019-08-10"
162,-64.6839770149399,-10.1560663599452,"Forest","2018-07-14","2019-08-10"
163,-64.7017881316549,-10.1953852402406,"Forest","2018-07-14","2019-08-10"
164,-64.7091814253857,-10.2447858847144,"Forest","2018-07-14","2019-08-10"
165,-64.7111977782213,-10.2649494130711,"Forest","2018-07-14","2019-08-10"
166,-64.4594897325692,-10.2814162945623,"Forest","2018-07-14","2019-08-10"
167,-64.509226435849,-10.2884735294871,"Forest","2018-07-14","2019-08-10"
168,-64.5267014937581,-10.331489056648,"Forest","2018-07-14","2019-08-10"
169,-64.5882002552458,-10.3765209366445,"Forest","2018-07-14","2019-08-10"
170,-64.4658748498822,-10.3096452342616,"Forest","2018-07-14","2019-08-10"
171,-64.6120604304678,-10.385594524405,"Forest","2018-07-14","2019-08-10"
172,-64.5102346122668,-10.3089731166497,"Forest","2018-07-14","2019-08-10"
173,-64.5468650221147,-10.1802625939731,"Forest","2018-07-14","2019-08-10"
174,-64.3610245024276,-10.1859755936742,"Forest","2018-07-14","2019-08-10"
175,-64.4705796731654,-10.4118071112686,"Forest","2018-07-14","2019-08-10"
176,-64.3674640049859,-9.99380220206899,"Forest","2018-07-14","2019-08-10"
177,-64.3834621333369,-10.0029439896981,"Forest","2018-07-14","2019-08-10"
178,-64.3593016946028,-10.0137182394039,"Forest","2018-07-14","2019-08-10"
179,-64.379544224353,-10.0267779360169,"Forest","2018-07-14","2019-08-10"
180,-64.3864005650748,-10.052897329243,"Forest","2018-07-14","2019-08-10"
181,-64.3570162476955,-10.1665166897765,"Forest","2018-07-14","2019-08-10"
182,-64.1999733959236,-10.0777107528078,"Forest","2018-07-14","2019-08-10"
183,-64.1846282524033,-10.0702014272553,"Forest","2018-07-14","2019-08-10"
184,-64.1807103434194,-10.0920764190822,"Forest","2018-07-14","2019-08-10"
185,-64.1797308661734,-10.0342872615694,"Forest","2018-07-14","2019-08-10"
186,-64.2453558416539,-10.0284103980936,"Forest","2018-07-14","2019-08-10"
187,-64.1150853679388,-10.008820853174,"Forest","2018-07-14","2019-08-10"
188,-64.093210376112,-10.0793432148844,"Forest","2018-07-14","2019-08-10"
189,-64.1095349968783,-10.1452946827803,"Forest","2018-07-14","2019-08-10"
190,-64.2806170225092,-10.1387648344738,"Forest","2018-07-14","2019-08-10"
191,-64.259395015513,-10.1319084937519,"Forest","2018-07-14","2019-08-10"
192,-64.2590685230976,-10.1126454412477,"Forest","2018-07-14","2019-08-10"
193,-64.2479677809766,-10.1743525077443,"Forest","2018-07-14","2019-08-10"
194,-64.2022588428309,-10.2429159149628,"Forest","2018-07-14","2019-08-10"
195,-64.2783315756019,-9.99902608071421,"Forest","2018-07-14","2019-08-10"
196,-63.9548123252494,-10.0748921507329,"Forest","2018-07-14","2019-08-10"
197,-63.7299458841789,-10.019464853246,"Forest","2018-07-14","2019-08-10"
198,-63.7148612399261,-10.093835657469,"Forest","2018-07-14","2019-08-10"
199,-63.968493746781,-10.229597455744,"Forest","2018-07-14","2019-08-10"
200,-64.0084855943349,-10.1994281672384,"Forest","2018-07-14","2019-08-10"
201,-63.8959950639607,-10.3652915242095,"Forest","2018-07-14","2019-08-10"
202,-63.8857487594372,-10.3423398020768,"Forest","2018-07-14","2019-08-10"
203,-63.7988600970777,-10.3886530985231,"Forest","2018-07-14","2019-08-10"
204,-63.7873842360113,-10.4550491518356,"Forest","2018-07-14","2019-08-10"
205,-63.7136108434419,-10.4546392996547,"Forest","2018-07-14","2019-08-10"
206,-64.5615863225005,-10.3790832237643,"Forest","2018-07-14","2019-08-10"
207,-64.6495603984748,-10.4832221476209,"Forest","2018-07-14","2019-08-10"
208,-64.6629274842235,-10.4903719841841,"Forest","2018-07-14","2019-08-10"
209,-64.465529822585,-10.494724058614,"Forest","2018-07-14","2019-08-10"
210,-64.50190073032,-10.5052933822293,"Forest","2018-07-14","2019-08-10"
211,-64.4624211979923,-10.4375253661077,"Forest","2018-07-14","2019-08-10"
212,-64.4838707076821,-10.354835951941,"Forest","2018-07-14","2019-08-10"
213,-64.5709121962787,-10.4474729648044,"Forest","2018-07-14","2019-08-10"
214,-64.5768185830049,-10.4707876492499,"Forest","2018-07-14","2019-08-10"
215,-64.6184741525475,-10.4608400505532,"Forest","2018-07-14","2019-08-10"
216,-64.4384847886282,-10.4393905408633,"Forest","2018-07-14","2019-08-10"
217,-64.4832489827636,-10.4589748757975,"Forest","2018-07-14","2019-08-10"
218,-64.5948486056427,-10.3924503095131,"Forest","2018-07-14","2019-08-10"
219,-64.6312195133777,-10.4166975813364,"Forest","2018-07-14","2019-08-10"
220,-64.4540279115919,-10.3790832237643,"Forest","2018-07-14","2019-08-10"
221,-64.3974509440042,-10.4757614485983,"Forest","2018-07-14","2019-08-10"
222,-64.6060396541765,-10.4794917981096,"Forest","2018-07-14","2019-08-10"
223,-64.5497735490481,-10.5814546847512,"Forest","2018-07-14","2019-08-10"
224,-64.545110612159,-10.5320275537268,"Forest","2018-07-14","2019-08-10"
225,-64.641788836993,-10.5332710035639,"Forest","2018-07-14","2019-08-10"
226,-64.5765077205456,-10.5298515165118,"Forest","2018-07-14","2019-08-10"
227,-64.5904965312129,-10.4965892333696,"Forest","2018-07-14","2019-08-10"
228,-64.6475389241586,-10.6102398538152,"Forest","2018-07-14","2019-08-10"
229,-64.4840044306395,-10.6523209054948,"Forest","2018-07-14","2019-08-10"
230,-64.420369669563,-10.6564263739514,"Forest","2018-07-14","2019-08-10"
231,-64.4990578149802,-10.6725061254062,"Forest","2018-07-14","2019-08-10"
232,-64.5921150999952,-10.6670321674641,"Forest","2018-07-14","2019-08-10"
233,-64.6639607979848,-10.6612160871507,"Forest","2018-07-14","2019-08-10"
234,-64.6533550044721,-10.6810591846906,"Forest","2018-07-14","2019-08-10"
235,-64.7108315628637,-10.6947440795458,"Forest","2018-07-14","2019-08-10"
236,-64.7139106642061,-10.801486259416,"Forest","2018-07-14","2019-08-10"
237,-64.6239324805335,-10.8278296820122,"Forest","2018-07-14","2019-08-10"
238,-64.4747671266122,-10.7984071580736,"Forest","2018-07-14","2019-08-10"
239,-64.4833201858967,-10.7604315748506,"Forest","2018-07-14","2019-08-10"
240,-64.5120584650926,-10.7580367182509,"Forest","2018-07-14","2019-08-10"
241,-64.4990578149802,-10.7748007144485,"Forest","2018-07-14","2019-08-10"
242,-64.5425073561453,-10.7029550164589,"Forest","2018-07-14","2019-08-10"
243,-64.67764569284,-10.6793485728337,"Forest","2018-07-14","2019-08-10"
244,-64.5989575474228,-10.7162977889427,"Forest","2018-07-14","2019-08-10"
245,-64.6513022702438,-10.7176662784282,"Forest","2018-07-14","2019-08-10"
246,-64.6981730351227,-10.7241666034844,"Forest","2018-07-14","2019-08-10"
247,-64.4624507212426,-10.7183505231709,"Forest","2018-07-14","2019-08-10"
248,-64.5455864574877,-10.6656636779786,"Forest","2018-07-14","2019-08-10"
249,-64.6410385991024,-10.6297408289838,"Forest","2018-07-14","2019-08-10"
250,-64.6324855398179,-10.7056919954299,"Forest","2018-07-14","2019-08-10"
251,-64.4371336657606,-10.7446939457671,"Forest","2018-07-14","2019-08-10"
252,-64.4367915433892,-10.841172454496,"Forest","2018-07-14","2019-08-10"
253,-64.5839041630821,-10.8346721294398,"Forest","2018-07-14","2019-08-10"
254,-64.7050154825503,-10.8196187450991,"Forest","2018-07-14","2019-08-10"
255,-64.6824354060393,-10.8233820911843,"Forest","2018-07-14","2019-08-10"
256,-64.66772414407,-10.7720637354774,"Forest","2018-07-14","2019-08-10"
257,-64.7351222512316,-10.6831119189189,"Forest","2018-07-14","2019-08-10"
258,-64.482635941154,-10.7375093759682,"Forest","2018-07-14","2019-08-10"
259,-64.5158218111777,-10.7275878271982,"Forest","2018-07-14","2019-08-10"
260,-64.5459285798591,-10.7450360681385,"Forest","2018-07-14","2019-08-10"
261,-64.5910887328811,-10.753589127423,"Forest","2018-07-14","2019-08-10"
262,-64.6020366487652,-10.7737743473343,"Forest","2018-07-14","2019-08-10"
263,-64.5886938762814,-10.6944019571744,"Forest","2018-07-14","2019-08-10"
264,-64.5691929011128,-10.6547157620945,"Forest","2018-07-14","2019-08-10"
265,-64.6834617731534,-10.7087710967723,"Forest","2018-07-14","2019-08-10"
266,-64.515137566435,-10.6926913453175,"Forest","2018-07-14","2019-08-10"
267,-64.4432918684454,-10.7963544238453,"Forest","2018-07-14","2019-08-10"
268,-64.413916234375,-10.9187569513496,"Forest","2018-07-14","2019-08-10"
269,-64.4308625800598,-10.9460364346472,"Forest","2018-07-14","2019-08-10"
270,-64.4746750835377,-10.9171036493316,"Forest","2018-07-14","2019-08-10"
271,-64.5238608185742,-10.8964373741062,"Forest","2018-07-14","2019-08-10"
272,-64.5346072816915,-10.9224768808902,"Forest","2018-07-14","2019-08-10"
273,-64.582966365719,-10.9204102533677,"Forest","2018-07-14","2019-08-10"
274,-64.6102458490166,-10.936943273548,"Forest","2018-07-14","2019-08-10"
275,-64.6160324060797,-10.9187569513496,"Forest","2018-07-14","2019-08-10"
276,-64.7375501044052,-10.841051756502,"Forest","2018-07-14","2019-08-10"
277,-64.730110245324,-10.93528997153,"Forest","2018-07-14","2019-08-10"
278,-64.3953165866721,-10.8042657866008,"Forest","2018-07-14","2019-08-10"
279,-64.487901499682,-10.8451850115471,"Forest","2018-07-14","2019-08-10"
280,-64.5317140031599,-10.8311319443938,"Forest","2018-07-14","2019-08-10"
281,-64.5833796912235,-10.8497315920967,"Forest","2018-07-14","2019-08-10"
282,-64.6817511612965,-10.8369185014569,"Forest","2018-07-14","2019-08-10"
283,-64.5432871172862,-10.8943707465836,"Forest","2018-07-14","2019-08-10"
284,-64.5308873521509,-10.8687445653041,"Forest","2018-07-14","2019-08-10"
285,-64.4742617580332,-10.9423165051066,"Forest","2018-07-14","2019-08-10"
286,-64.5379138857275,-10.9427298306111,"Forest","2018-07-14","2019-08-10"
287,-64.4358224861139,-10.9171036493316,"Forest","2018-07-14","2019-08-10"
288,-64.3837434725458,-10.8960240486017,"Forest","2018-07-14","2019-08-10"
289,-64.5627134159981,-10.7265605917532,"Forest","2018-07-14","2019-08-10"
290,-64.655298329008,-10.7368937293659,"Forest","2018-07-14","2019-08-10"
291,-64.7094439700986,-10.766239840186,"Forest","2018-07-14","2019-08-10"
292,-64.7082039935851,-10.8497315920967,"Forest","2018-07-14","2019-08-10"
293,-64.7652429132073,-10.911730417773,"Forest","2018-07-14","2019-08-10"
294,-64.7735094232974,-10.8489049410877,"Forest","2018-07-14","2019-08-10"
295,-64.7623496346757,-10.7120941990953,"Forest","2018-07-14","2019-08-10"
296,-64.4225960699696,-10.9303300654759,"Forest","2018-07-14","2019-08-10"
297,-64.6304987987375,-10.841878407511,"Forest","2018-07-14","2019-08-10"
298,-64.6751379532244,-10.7947592999971,"Forest","2018-07-14","2019-08-10"
299,-64.750363195045,-10.8286519913668,"Forest","2018-07-14","2019-08-10"
300,-64.7090306445941,-10.8914774680521,"Forest","2018-07-14","2019-08-10"
301,-64.6623248625846,-10.9348766460255,"Forest","2018-07-14","2019-08-10"
302,-64.4800483150963,-10.7067209675367,"Forest","2018-07-14","2019-08-10"
303,-64.439955741159,-10.7699597697266,"Forest","2018-07-14","2019-08-10"
304,-64.7689628427478,-10.7315204978073,"Forest","2018-07-14","2019-08-10"
305,-64.7499498695404,-10.8947840720881,"Forest","2018-07-14","2019-08-10"
306,-64.0767902389476,-10.3886470202069,"Forest","2018-07-14","2019-08-10"
307,-63.8904030130174,-10.4885224393846,"Forest","2018-07-14","2019-08-10"
308,-64.0676467146567,-10.4653119546461,"Forest","2018-07-14","2019-08-10"
309,-64.3816728878732,-10.4360927430596,"Forest","2018-07-14","2019-08-10"
310,-64.3465198245396,-10.4371354186669,"Forest","2018-07-14","2019-08-10"
311,-64.3360930684661,-10.4276023845426,"Forest","2018-07-14","2019-08-10"
312,-64.3986536049073,-10.422537960164,"Forest","2018-07-14","2019-08-10"
313,-64.3018337270816,-10.3985564211949,"Forest","2018-07-14","2019-08-10"
314,-64.1744783493263,-10.4060041041045,"Forest","2018-07-14","2019-08-10"
315,-64.127260039679,-10.3781497700224,"Forest","2018-07-14","2019-08-10"
316,-63.9653474132229,-10.5411050720859,"Forest","2018-07-14","2019-08-10"
317,-63.9325776084204,-10.5312741306451,"Forest","2018-07-14","2019-08-10"
318,-63.9167885206519,-10.5589795110691,"Forest","2018-07-14","2019-08-10"
319,-63.9206613157649,-10.577449764685,"Forest","2018-07-14","2019-08-10"
320,-63.9233424816124,-10.6391165791771,"Forest","2018-07-14","2019-08-10"
321,-63.8438012281371,-10.5744706915212,"Forest","2018-07-14","2019-08-10"
322,-63.8685275353972,-10.5896639646569,"Forest","2018-07-14","2019-08-10"
323,-63.8649526476006,-10.6557993888947,"Forest","2018-07-14","2019-08-10"
324,-63.8089460721199,-10.7031666522002,"Forest","2018-07-14","2019-08-10"
325,-63.7445980917804,-10.6692052181321,"Forest","2018-07-14","2019-08-10"
326,-63.7386399454527,-10.7344469204208,"Forest","2018-07-14","2019-08-10"
327,-63.7669411405094,-10.6930378034431,"Forest","2018-07-14","2019-08-10"
328,-63.8003067599447,-10.6477558913523,"Forest","2018-07-14","2019-08-10"
329,-63.7901779111875,-10.5765560427359,"Forest","2018-07-14","2019-08-10"
330,-63.9072554865275,-10.6057509597418,"Forest","2018-07-14","2019-08-10"
331,-63.8253309745212,-10.685292213217,"Forest","2018-07-14","2019-08-10"
332,-63.7392357600854,-10.6897608229628,"Forest","2018-07-14","2019-08-10"
333,-63.9465792522905,-10.6781424376237,"Forest","2018-07-14","2019-08-10"
334,-63.9772637058784,-10.6569910181603,"Forest","2018-07-14","2019-08-10"
335,-63.9272152767254,-10.7153808521721,"Forest","2018-07-14","2019-08-10"
336,-63.8163937550295,-10.9671125345188,"Forest","2018-07-14","2019-08-10"
337,-63.8458865793518,-10.9575795003944,"Forest","2018-07-14","2019-08-10"
338,-63.8881894182787,-10.9510255394339,"Forest","2018-07-14","2019-08-10"
339,-63.9221508523468,-10.9531108906486,"Forest","2018-07-14","2019-08-10"
340,-63.9730930034489,-10.9456632077389,"Forest","2018-07-14","2019-08-10"
341,-64.0043732716695,-10.9471527443209,"Forest","2018-07-14","2019-08-10"
342,-63.9832218522061,-10.9593669442927,"Forest","2018-07-14","2019-08-10"
343,-63.967730671754,-10.8077321202519,"Forest","2018-07-14","2019-08-10"
344,-64.0192686374888,-10.8637386957326,"Forest","2018-07-14","2019-08-10"
345,-64.0189707301725,-10.8899545395746,"Forest","2018-07-14","2019-08-10"
346,-63.7895820965548,-10.8565889201393,"Forest","2018-07-14","2019-08-10"
347,-63.8491635598321,-10.9411945979931,"Forest","2018-07-14","2019-08-10"
348,-63.9587934522624,-10.914085032202,"Forest","2018-07-14","2019-08-10"
349,-63.9757741692964,-10.824712837286,"Forest","2018-07-14","2019-08-10"
350,-63.9105324670077,-10.9423862272587,"Forest","2018-07-14","2019-08-10"
351,-64.0657421788452,-10.9003812956482,"Forest","2018-07-14","2019-08-10"
352,-64.1440918030548,-10.9465569296881,"Forest","2018-07-14","2019-08-10"
353,-64.1679243883658,-10.9385134321457,"Forest","2018-07-14","2019-08-10"
354,-64.1774574224901,-10.9543025199141,"Forest","2018-07-14","2019-08-10"
355,-64.1560080957103,-10.881017320083,"Forest","2018-07-14","2019-08-10"
356,-64.0854040617267,-10.761556486212,"Forest","2018-07-14","2019-08-10"
357,-64.0711045105401,-10.9462590223717,"Forest","2018-07-14","2019-08-10"
358,-64.1011931494952,-10.8962105932188,"Forest","2018-07-14","2019-08-10"
359,-64.1244299201733,-10.9540046125978,"Forest","2018-07-14","2019-08-10"
360,-63.9516436766691,-10.9650271833041,"Forest","2018-07-14","2019-08-10"
361,-64.3508394806272,-10.9158724761003,"Forest","2018-07-14","2019-08-10"
362,-64.2930454612482,-10.9066373492923,"Forest","2018-07-14","2019-08-10"
363,-64.2826187051746,-10.9474506516373,"Forest","2018-07-14","2019-08-10"
364,-64.2313786467561,-10.9197452712133,"Forest","2018-07-14","2019-08-10"
365,-64.2266121296939,-10.7743665008166,"Forest","2018-07-14","2019-08-10"
366,-64.243592846728,-10.7803246471443,"Forest","2018-07-14","2019-08-10"
367,-64.2447844759935,-10.7481506569746,"Forest","2018-07-14","2019-08-10"
368,-64.3615641440171,-10.8288835397154,"Forest","2018-07-14","2019-08-10"
369,-64.3317734123784,-10.9018708322301,"Forest","2018-07-14","2019-08-10"
370,-64.2018858224339,-10.9200431785297,"Forest","2018-07-14","2019-08-10"
371,-64.1563060030267,-10.9221285297444,"Forest","2018-07-14","2019-08-10"
372,-64.4598735584247,-10.8920398907893,"Forest","2018-07-14","2019-08-10"
373,-64.4509363389331,-10.9471527443209,"Forest","2018-07-14","2019-08-10"
374,-64.5027722119844,-10.9099143297725,"Forest","2018-07-14","2019-08-10"
375,-64.3311775977457,-10.9453653004225,"Forest","2018-07-14","2019-08-10"
376,-64.6508559481654,-10.5693683870679,"NatNonForest","2018-07-14","2019-08-10"
377,-64.6575872492388,-10.5596673943444,"NatNonForest","2018-07-14","2019-08-10"
378,-64.6690700569523,-10.6267824256353,"NatNonForest","2018-07-14","2019-08-10"
379,-64.7150012878063,-10.5697643459546,"NatNonForest","2018-07-14","2019-08-10"
380,-64.7062901922995,-10.5479866071876,"NatNonForest","2018-07-14","2019-08-10"
381,-64.7112396783829,-10.5491744838476,"NatNonForest","2018-07-14","2019-08-10"
382,-64.6726336869324,-10.5380876350208,"NatNonForest","2018-07-14","2019-08-10"
383,-64.6354135515852,-10.5163098962538,"NatNonForest","2018-07-14","2019-08-10"
384,-64.5686944791809,-10.5186856495739,"NatNonForest","2018-07-14","2019-08-10"
385,-64.6035388612081,-10.5707542431713,"NatNonForest","2018-07-14","2019-08-10"
386,-64.6324438599352,-10.6170814329119,"NatNonForest","2018-07-14","2019-08-10"
387,-64.6096762239515,-10.6267824256353,"NatNonForest","2018-07-14","2019-08-10"
388,-64.6027469434348,-10.6143097207052,"NatNonForest","2018-07-14","2019-08-10"
389,-64.6031429023214,-10.5943137969282,"NatNonForest","2018-07-14","2019-08-10"
390,-64.6845124535325,-10.6141117412618,"NatNonForest","2018-07-14","2019-08-10"
391,-64.6763952963558,-10.623020816212,"NatNonForest","2018-07-14","2019-08-10"
392,-64.550480370394,-10.6020349952183,"NatNonForest","2018-07-14","2019-08-10"
393,-64.5580035892408,-10.5406613677842,"NatNonForest","2018-07-14","2019-08-10"
394,-64.5995792723414,-10.5353159228141,"NatNonForest","2018-07-14","2019-08-10"
395,-64.621752969995,-10.5507583193943,"NatNonForest","2018-07-14","2019-08-10"
396,-64.6288802299551,-10.5594694149011,"NatNonForest","2018-07-14","2019-08-10"
397,-64.6308600243885,-10.5509562988376,"NatNonForest","2018-07-14","2019-08-10"
398,-64.6385812226786,-10.5240310945439,"NatNonForest","2018-07-14","2019-08-10"
399,-64.6833245768725,-10.5760996881413,"NatNonForest","2018-07-14","2019-08-10"
400,-64.7021326239894,-10.5913441052782,"NatNonForest","2018-07-14","2019-08-10"
401,-64.6502620098354,-10.5848107836481,"NatNonForest","2018-07-14","2019-08-10"
402,-64.6278903327384,-10.5897602697315,"NatNonForest","2018-07-14","2019-08-10"
403,-64.548104617074,-10.6206450628919,"NatNonForest","2018-07-14","2019-08-10"
404,-64.5611712603342,-10.5780794825747,"NatNonForest","2018-07-14","2019-08-10"
405,-64.5677045819643,-10.5707542431713,"NatNonForest","2018-07-14","2019-08-10"
406,-64.5443430076506,-10.5365037994741,"NatNonForest","2018-07-14","2019-08-10"
407,-64.570476294171,-10.6071824607451,"NatNonForest","2018-07-14","2019-08-10"
408,-64.6813447824392,-10.5592714354578,"NatNonForest","2018-07-14","2019-08-10"
409,-64.619377216675,-10.5155179784805,"NatNonForest","2018-07-14","2019-08-10"
410,-64.6601609820022,-10.5404633883408,"NatNonForest","2018-07-14","2019-08-10"
411,-64.6847104329759,-10.5937198585982,"NatNonForest","2018-07-14","2019-08-10"
412,-64.5807712252244,-10.6408389661122,"NatNonForest","2018-07-14","2019-08-10"
413,-64.5859186907512,-10.5570936615811,"NatNonForest","2018-07-14","2019-08-10"
414,-64.6981730351227,-10.573525955378,"NatNonForest","2018-07-14","2019-08-10"
415,-64.6328398188218,-10.5309603750607,"NatNonForest","2018-07-14","2019-08-10"
416,-64.7112396783829,-10.6263864667487,"NatNonForest","2018-07-14","2019-08-10"
417,-64.7047063567528,-10.6293561583987,"NatNonForest","2018-07-14","2019-08-10"
418,-64.6168034839116,-10.5317522928341,"NatNonForest","2018-07-14","2019-08-10"
419,-64.5488965348473,-10.5232391767706,"NatNonForest","2018-07-14","2019-08-10"
420,-64.6528357425988,-10.6307420145021,"NatNonForest","2018-07-14","2019-08-10"
421,-64.7060192730612,-10.9062486448529,"NatNonForest","2018-07-14","2019-08-10"
422,-64.6962175539543,-10.9313295143324,"NatNonForest","2018-07-14","2019-08-10"
423,-64.7104877038306,-10.9255637972107,"NatNonForest","2018-07-14","2019-08-10"
424,-64.6732988283955,-10.9156179351757,"NatNonForest","2018-07-14","2019-08-10"
425,-64.678487973805,-10.8883749217756,"NatNonForest","2018-07-14","2019-08-10"
426,-64.6842176551947,-10.8770957376562,"NatNonForest","2018-07-14","2019-08-10"
427,-64.7013706636318,-10.90332975056,"NatNonForest","2018-07-14","2019-08-10"
428,-64.6406864909258,-10.8768074518001,"NatNonForest","2018-07-14","2019-08-10"
429,-63.8148439623808,-10.7541930933522,"NatNonForest","2018-07-14","2019-08-10"
430,-63.8086712960371,-10.7580017598196,"NatNonForest","2018-07-14","2019-08-10"
431,-63.8011852964289,-10.7594464264106,"NatNonForest","2018-07-14","2019-08-10"
432,-63.7968512966556,-10.7452624271529,"NatNonForest","2018-07-14","2019-08-10"
433,-63.7947499634323,-10.7703470925069,"NatNonForest","2018-07-14","2019-08-10"
434,-63.758764631982,-10.7850564250705,"NatNonForest","2018-07-14","2019-08-10"
435,-63.7691399647724,-10.7878144249262,"NatNonForest","2018-07-14","2019-08-10"
436,-63.7409032995833,-10.7941184245963,"NatNonForest","2018-07-14","2019-08-10"
437,-63.7424792995008,-10.8005537575929,"NatNonForest","2018-07-14","2019-08-10"
438,-63.7343366332602,-10.8065950906101,"NatNonForest","2018-07-14","2019-08-10"
439,-63.7407719662568,-10.7942497579228,"NatNonForest","2018-07-14","2019-08-10"
440,-63.7406406329304,-10.7794090920327,"NatNonForest","2018-07-14","2019-08-10"
441,-63.8111666292399,-10.7312097612215,"NatNonForest","2018-07-14","2019-08-10"
442,-63.7339426332809,-10.8211730898473,"NatNonForest","2018-07-14","2019-08-10"
443,-63.7697966314047,-10.8033117574486,"NatNonForest","2018-07-14","2019-08-10"
444,-63.8265326284358,-10.7404030940738,"NatNonForest","2018-07-14","2019-08-10"
445,-63.7120099677619,-10.8062010906307,"NatNonForest","2018-07-14","2019-08-10"
446,-63.7118786344354,-10.8361450890638,"NatNonForest","2018-07-14","2019-08-10"
447,-63.7873952971505,-10.7551124266374,"NatNonForest","2018-07-14","2019-08-10"
448,-63.7824046307449,-10.770084425854,"NatNonForest","2018-07-14","2019-08-10"
449,-63.765331298305,-10.764962426122,"NatNonForest","2018-07-14","2019-08-10"
450,-63.9642910252645,-10.5913710235358,"NatNonForest","2018-07-14","2019-08-10"
451,-63.9694454374384,-10.5750793993434,"NatNonForest","2018-07-14","2019-08-10"
452,-63.9590445700161,-10.6021400632563,"NatNonForest","2018-07-14","2019-08-10"
453,-63.9780974864446,-10.5993787710203,"NatNonForest","2018-07-14","2019-08-10"
454,-63.932628207625,-10.6035207093743,"NatNonForest","2018-07-14","2019-08-10"
455,-63.9529697270969,-10.6211929796847,"NatNonForest","2018-07-14","2019-08-10"
456,-63.9402677828113,-10.6034286662997,"NatNonForest","2018-07-14","2019-08-10"
457,-63.9781895295191,-10.5849280083185,"NatNonForest","2018-07-14","2019-08-10"
458,-64.1376671811116,-10.4956774859332,"NatNonForest","2018-07-14","2019-08-10"
459,-64.1400898242998,-10.5022993773142,"NatNonForest","2018-07-14","2019-08-10"
460,-64.1533336070619,-10.4846948368134,"NatNonForest","2018-07-14","2019-08-10"
461,-64.1782060771274,-10.4712895445054,"NatNonForest","2018-07-14","2019-08-10"
462,-64.1211932074319,-10.501330320039,"NatNonForest","2018-07-14","2019-08-10"
463,-64.2246400715677,-10.4672518058584,"NatNonForest","2018-07-14","2019-08-10"
464,-64.2237522056893,-10.8102386247332,"NatNonForest","2018-07-14","2019-08-10"
465,-64.2146457845972,-10.8356574175207,"NatNonForest","2018-07-14","2019-08-10"
466,-64.1296976401865,-10.9121376649613,"NatNonForest","2018-07-14","2019-08-10"
467,-64.1245553846451,-10.9060975552777,"NatNonForest","2018-07-14","2019-08-10"
468,-64.1256164849949,-10.9202999753444,"NatNonForest","2018-07-14","2019-08-10"
469,-64.0418845191276,-10.5239203848137,"NatNonForest","2018-07-14","2019-08-10"
470,-64.0449727836719,-10.5254268553231,"NatNonForest","2018-07-14","2019-08-10"
471,-64.0592089299858,-10.5393617075351,"NatNonForest","2018-07-14","2019-08-10"
472,-64.263221423466,-10.6463664891056,"NatNonForest","2018-07-14","2019-08-10"
473,-64.2258608554926,-10.6682888058503,"NatNonForest","2018-07-14","2019-08-10"
474,-64.2194539812327,-10.6524645983409,"NatNonForest","2018-07-14","2019-08-10"
475,-64.2101910304956,-10.6550891010498,"NatNonForest","2018-07-14","2019-08-10"
476,-64.258358374329,-10.6381842159544,"NatNonForest","2018-07-14","2019-08-10"
477,-64.209341926678,-10.6685203796188,"NatNonForest","2018-07-14","2019-08-10"
478,-64.2530321776551,-10.6212021396029,"NatNonForest","2018-07-14","2019-08-10"
479,-64.238983369037,-10.6161075166974,"NatNonForest","2018-07-14","2019-08-10"
480,-64.5034967516795,-10.5689243613798,"NatNonForest","2018-07-14","2019-08-10"
481,-64.508591374585,-10.5576930336109,"NatNonForest","2018-07-14","2019-08-10"
482,-64.5052721505708,-10.5757557875485,"NatNonForest","2018-07-14","2019-08-10"
483,-64.5112158772939,-10.5769522520187,"NatNonForest","2018-07-14","2019-08-10"
484,-64.4992512325916,-10.5619771483269,"NatNonForest","2018-07-14","2019-08-10"
485,-64.2068223558329,-10.5880830886139,"NatNonForest","2018-07-14","2019-08-10"
486,-63.8658727538282,-10.6932602239917,"NatNonForest","2018-07-14","2019-08-10"
487,-63.8955733993328,-10.6517048144015,"NatNonForest","2018-07-14","2019-08-10"
488,-64.34600125325,-10.5998055556536,"NatNonForest","2018-07-14","2019-08-10"
489,-64.3219591245998,-10.6036205674268,"NatNonForest","2018-07-14","2019-08-10"
490,-64.6876606450086,-10.2966928679147,"Pasture","2018-07-14","2019-08-10"
491,-64.6603543861648,-10.3444336118535,"Pasture","2018-07-14","2019-08-10"
492,-64.7062867685908,-10.3451569564587,"Pasture","2018-07-14","2019-08-10"
493,-64.642632443339,-10.4035670333232,"Pasture","2018-07-14","2019-08-10"
494,-64.5994126031823,-10.3467844818202,"Pasture","2018-07-14","2019-08-10"
495,-64.5921791571309,-10.2795134335428,"Pasture","2018-07-14","2019-08-10"
496,-64.6424516071877,-10.3447952841561,"Pasture","2018-07-14","2019-08-10"
497,-64.7243703837191,-10.3910893388846,"Pasture","2018-07-14","2019-08-10"
498,-64.729433795955,-10.3350301319868,"Pasture","2018-07-14","2019-08-10"
499,-64.7068292770446,-10.339008527315,"Pasture","2018-07-14","2019-08-10"
500,-64.6205704328824,-10.3223716013969,"Pasture","2018-07-14","2019-08-10"
501,-64.6344948165313,-10.3180315337661,"Pasture","2018-07-14","2019-08-10"
502,-64.5977850778207,-10.2827684842659,"Pasture","2018-07-14","2019-08-10"
503,-64.6854906111932,-10.4003119826001,"Pasture","2018-07-14","2019-08-10"
504,-64.7191261353319,-10.3927168642462,"Pasture","2018-07-14","2019-08-10"
505,-64.677667450875,-10.4673555009069,"Pasture","2018-07-14","2019-08-10"
506,-64.6874264591207,-10.4519776697318,"Pasture","2018-07-14","2019-08-10"
507,-64.6826948187592,-10.4953017517923,"Pasture","2018-07-14","2019-08-10"
508,-64.7505642851952,-10.5281275068006,"Pasture","2018-07-14","2019-08-10"
509,-64.6936367370952,-10.4635110431131,"Pasture","2018-07-14","2019-08-10"
510,-64.2163269657103,-10.1695160144615,"Pasture","2018-07-14","2019-08-10"
511,-64.3372465574147,-10.112145311006,"Pasture","2018-07-14","2019-08-10"
512,-64.3289030281115,-10.1445658820129,"Pasture","2018-07-14","2019-08-10"
513,-64.1751437023804,-10.0165523038461,"Pasture","2018-07-14","2019-08-10"
514,-64.2261584244059,-10.0291867910767,"Pasture","2018-07-14","2019-08-10"
515,-64.2135239371753,-9.99557428731226,"Pasture","2018-07-14","2019-08-10"
516,-64.2905227933166,-9.99104494283336,"Pasture","2018-07-14","2019-08-10"
517,-64.3112784123761,-10.160102550666,"Pasture","2018-07-14","2019-08-10"
518,-64.3040044013598,-10.2079140189087,"Pasture","2018-07-14","2019-08-10"
519,-64.3261295182011,-10.1678311873708,"Pasture","2018-07-14","2019-08-10"
520,-64.2765753181524,-10.1957148962668,"Pasture","2018-07-14","2019-08-10"
521,-64.3465119032364,-10.2347369345315,"Pasture","2018-07-14","2019-08-10"
522,-64.3648484726735,-10.2236743761108,"Pasture","2018-07-14","2019-08-10"
523,-64.3724255674821,-10.2453448672636,"Pasture","2018-07-14","2019-08-10"
524,-64.3834881259028,-10.1786664329472,"Pasture","2018-07-14","2019-08-10"
525,-64.380154204187,-10.1918505779143,"Pasture","2018-07-14","2019-08-10"
526,-64.3833365840066,-10.2417078617555,"Pasture","2018-07-14","2019-08-10"
527,-64.3831850421105,-10.268379235482,"Pasture","2018-07-14","2019-08-10"
528,-64.2905929435484,-10.220340454395,"Pasture","2018-07-14","2019-08-10"
529,-64.2721048322152,-10.1639668690184,"Pasture","2018-07-14","2019-08-10"
530,-64.4424775681101,-10.2260240477988,"Pasture","2018-07-14","2019-08-10"
531,-64.4519634386483,-10.2103433230314,"Pasture","2018-07-14","2019-08-10"
532,-64.4130520105219,-10.24518937807,"Pasture","2018-07-14","2019-08-10"
533,-64.4378314274383,-10.1778203383287,"Pasture","2018-07-14","2019-08-10"
534,-64.4047276751516,-10.279841843914,"Pasture","2018-07-14","2019-08-10"
535,-64.4457685844193,-10.2320253128332,"Pasture","2018-07-14","2019-08-10"
536,-64.3480285567554,-10.3428319851196,"Pasture","2018-07-14","2019-08-10"
537,-64.3767005304229,-10.3283734684839,"Pasture","2018-07-14","2019-08-10"
538,-64.3914041066626,-10.322737097592,"Pasture","2018-07-14","2019-08-10"
539,-64.425222332014,-10.320531561156,"Pasture","2018-07-14","2019-08-10"
540,-64.426692689638,-10.4016462900786,"Pasture","2018-07-14","2019-08-10"
541,-64.2519651919891,-10.3092588193722,"Pasture","2018-07-14","2019-08-10"
542,-64.2916648478364,-10.3097489385802,"Pasture","2018-07-14","2019-08-10"
543,-64.2997518147682,-10.3925790847308,"Pasture","2018-07-14","2019-08-10"
544,-64.3176411658599,-10.4283577869141,"Pasture","2018-07-14","2019-08-10"
545,-64.3634673118071,-10.4067925417625,"Pasture","2018-07-14","2019-08-10"
546,-64.3776807688388,-10.3648873494792,"Pasture","2018-07-14","2019-08-10"
547,-64.2865185961524,-10.3477331771995,"Pasture","2018-07-14","2019-08-10"
548,-64.310044318136,-10.3469979983876,"Pasture","2018-07-14","2019-08-10"
549,-64.4335543585498,-10.4114486742384,"Pasture","2018-07-14","2019-08-10"
550,-64.2375066753533,-10.4097332570104,"Pasture","2018-07-14","2019-08-10"
551,-64.1495302775189,-10.324207455216,"Pasture","2018-07-14","2019-08-10"
552,-64.199032317526,-10.2994564352124,"Pasture","2018-07-14","2019-08-10"
553,-64.1622733769267,-10.4207609391903,"Pasture","2018-07-14","2019-08-10"
554,-64.1943761850501,-10.4094881974065,"Pasture","2018-07-14","2019-08-10"
555,-64.1240440787033,-10.4690376811774,"Pasture","2018-07-14","2019-08-10"
556,-64.0515064359206,-10.488887509101,"Pasture","2018-07-14","2019-08-10"
557,-64.030431309977,-10.4320336809741,"Pasture","2018-07-14","2019-08-10"
558,-64.0431744093848,-10.434729336618,"Pasture","2018-07-14","2019-08-10"
559,-64.0814037076081,-10.3521442500715,"Pasture","2018-07-14","2019-08-10"
560,-64.1267397343473,-10.3666027667072,"Pasture","2018-07-14","2019-08-10"
561,-64.1669295094026,-10.3942945019587,"Pasture","2018-07-14","2019-08-10"
562,-64.2054038672299,-10.3727292568071,"Pasture","2018-07-14","2019-08-10"
563,-63.9941624885856,-10.4815357209812,"Pasture","2018-07-14","2019-08-10"
564,-64.0441546478008,-10.4482076148378,"Pasture","2018-07-14","2019-08-10"
565,-64.1149768733555,-10.4482076148378,"Pasture","2018-07-14","2019-08-10"
566,-64.143648847023,-10.4423261843419,"Pasture","2018-07-14","2019-08-10"
567,-64.1522259331628,-10.43546451543,"Pasture","2018-07-14","2019-08-10"
568,-64.1573721848467,-10.4553143433536,"Pasture","2018-07-14","2019-08-10"
569,-64.0108265416574,-10.3278833492759,"Pasture","2018-07-14","2019-08-10"
570,-64.0689056678043,-10.3148951902641,"Pasture","2018-07-14","2019-08-10"
571,-63.9863205812578,-10.3602312170033,"Pasture","2018-07-14","2019-08-10"
572,-63.9875458792778,-10.3648873494792,"Pasture","2018-07-14","2019-08-10"
573,-64.0358226212649,-10.3675830051232,"Pasture","2018-07-14","2019-08-10"
574,-64.1730559995025,-10.3277608194739,"Pasture","2018-07-14","2019-08-10"
575,-64.1786311054934,-10.3547786408144,"Pasture","2018-07-14","2019-08-10"
576,-63.9175855252974,-10.384428702035,"Pasture","2018-07-14","2019-08-10"
577,-63.8692269117551,-10.3932730502345,"Pasture","2018-07-14","2019-08-10"
578,-63.8386996453892,-10.399692335218,"Pasture","2018-07-14","2019-08-10"
579,-63.8455468827049,-10.4350697280159,"Pasture","2018-07-14","2019-08-10"
580,-63.9145898589718,-10.4600336140628,"Pasture","2018-07-14","2019-08-10"
581,-63.9312799999289,-10.4772943581295,"Pasture","2018-07-14","2019-08-10"
582,-63.9459730300022,-10.4667382006011,"Pasture","2018-07-14","2019-08-10"
583,-63.9563865367532,-10.3894214792444,"Pasture","2018-07-14","2019-08-10"
584,-63.9478274901085,-10.3698783227391,"Pasture","2018-07-14","2019-08-10"
585,-63.8729358319678,-10.3703062750713,"Pasture","2018-07-14","2019-08-10"
586,-63.8737917366323,-10.4119603020753,"Pasture","2018-07-14","2019-08-10"
587,-63.856673643343,-10.3874243683606,"Pasture","2018-07-14","2019-08-10"
588,-63.8385569946118,-10.3808624325997,"Pasture","2018-07-14","2019-08-10"
589,-63.9338477139223,-10.462886629611,"Pasture","2018-07-14","2019-08-10"
590,-63.94939664866,-10.486851960216,"Pasture","2018-07-14","2019-08-10"
591,-63.9588115999692,-10.4790061674584,"Pasture","2018-07-14","2019-08-10"
592,-63.956671838308,-10.4506186627536,"Pasture","2018-07-14","2019-08-10"
593,-63.9575277429725,-10.434071172574,"Pasture","2018-07-14","2019-08-10"
594,-63.9130207004203,-10.3994070336631,"Pasture","2018-07-14","2019-08-10"
595,-63.9240048102809,-10.3830021942609,"Pasture","2018-07-14","2019-08-10"
596,-63.9228636040616,-10.3711621797358,"Pasture","2018-07-14","2019-08-10"
597,-63.9200105885134,-10.3701636242939,"Pasture","2018-07-14","2019-08-10"
598,-63.8324230111831,-10.4286504430324,"Pasture","2018-07-14","2019-08-10"
599,-63.8335642174024,-10.4169530792847,"Pasture","2018-07-14","2019-08-10"
600,-63.8317097572961,-10.4587497570661,"Pasture","2018-07-14","2019-08-10"
601,-63.84141001016,-10.4805753260099,"Pasture","2018-07-14","2019-08-10"
602,-63.967798598946,-10.4239429673778,"Pasture","2018-07-14","2019-08-10"
603,-63.9672279958364,-10.3902773839089,"Pasture","2018-07-14","2019-08-10"
604,-63.9628058217367,-10.4857107539967,"Pasture","2018-07-14","2019-08-10"
605,-63.8874862112637,-10.4043998108725,"Pasture","2018-07-14","2019-08-10"
606,-63.8894833221475,-10.4071101756433,"Pasture","2018-07-14","2019-08-10"
607,-63.8797830692835,-10.4111043974108,"Pasture","2018-07-14","2019-08-10"
608,-63.8826360848318,-10.4092499373045,"Pasture","2018-07-14","2019-08-10"
609,-63.9154457636363,-10.4675941052655,"Pasture","2018-07-14","2019-08-10"
610,-63.9058881615497,-10.4329299663547,"Pasture","2018-07-14","2019-08-10"
611,-63.8558177386785,-10.453186376747,"Pasture","2018-07-14","2019-08-10"
612,-63.8585281034493,-10.4463391394313,"Pasture","2018-07-14","2019-08-10"
613,-63.8503970091369,-10.434784426461,"Pasture","2018-07-14","2019-08-10"
614,-63.9282843336032,-10.4674514544881,"Pasture","2018-07-14","2019-08-10"
615,-63.707032977839,-10.3912759393507,"Pasture","2018-07-14","2019-08-10"
616,-63.7250069757928,-10.378865321716,"Pasture","2018-07-14","2019-08-10"
617,-63.7873453655213,-10.3956981134505,"Pasture","2018-07-14","2019-08-10"
618,-63.7649491934678,-10.4158118730654,"Pasture","2018-07-14","2019-08-10"
619,-63.7586725592618,-10.4503333611988,"Pasture","2018-07-14","2019-08-10"
620,-63.7863468100795,-10.4797194213455,"Pasture","2018-07-14","2019-08-10"
621,-63.8297126464124,-10.4434861238831,"Pasture","2018-07-14","2019-08-10"
622,-63.7105992472743,-10.4681647083752,"Pasture","2018-07-14","2019-08-10"
623,-63.7760759541059,-10.4962669115251,"Pasture","2018-07-14","2019-08-10"
624,-63.8013251417076,-10.4761531519102,"Pasture","2018-07-14","2019-08-10"
625,-63.7891998256277,-10.4714456762556,"Pasture","2018-07-14","2019-08-10"
626,-63.8008971893754,-10.4153839207332,"Pasture","2018-07-14","2019-08-10"
627,-63.7998986339335,-10.4031159538758,"Pasture","2018-07-14","2019-08-10"
628,-63.7790716204315,-10.4255121259293,"Pasture","2018-07-14","2019-08-10"
629,-63.7682301613483,-10.4091072865271,"Pasture","2018-07-14","2019-08-10"
630,-63.6991871850814,-10.397980525889,"Pasture","2018-07-14","2019-08-10"
631,-63.74554868774,-10.4106764450786,"Pasture","2018-07-14","2019-08-10"
632,-63.714308167487,-10.3781520678289,"Pasture","2018-07-14","2019-08-10"
633,-63.8245772184256,-10.3787226709386,"Pasture","2018-07-14","2019-08-10"
634,-63.7043226130682,-10.4907035312061,"Pasture","2018-07-14","2019-08-10"
635,-63.7315689115537,-10.4894196742094,"Pasture","2018-07-14","2019-08-10"
636,-63.7335660224375,-10.4792914690132,"Pasture","2018-07-14","2019-08-10"
637,-63.8173020287776,-10.4859960555515,"Pasture","2018-07-14","2019-08-10"
638,-63.70146959752,-10.4198060948329,"Pasture","2018-07-14","2019-08-10"
639,-63.7021828514071,-10.4038292077629,"Pasture","2018-07-14","2019-08-10"
640,-63.7041799622908,-10.4048277632048,"Pasture","2018-07-14","2019-08-10"
641,-63.7354204825438,-10.5651672370145,"Pasture","2018-07-14","2019-08-10"
642,-63.7449780846303,-10.550046254609,"Pasture","2018-07-14","2019-08-10"
643,-63.7184450400319,-10.5597465074729,"Pasture","2018-07-14","2019-08-10"
644,-63.725434928125,-10.579574965533,"Pasture","2018-07-14","2019-08-10"
645,-63.7673742566838,-10.5293618918844,"Pasture","2018-07-14","2019-08-10"
646,-63.8033222525913,-10.5367797323098,"Pasture","2018-07-14","2019-08-10"
647,-63.7105992472743,-10.545196128177,"Pasture","2018-07-14","2019-08-10"
648,-63.7395573550887,-10.5665937447887,"Pasture","2018-07-14","2019-08-10"
649,-63.7512547188364,-10.5561802380377,"Pasture","2018-07-14","2019-08-10"
650,-63.7623814794744,-10.5494756514994,"Pasture","2018-07-14","2019-08-10"
651,-63.7056064700649,-10.524369114675,"Pasture","2018-07-14","2019-08-10"
652,-63.7307130068892,-10.5199469405753,"Pasture","2018-07-14","2019-08-10"
653,-63.7208701032479,-10.6412001013745,"Pasture","2018-07-14","2019-08-10"
654,-63.7324248162181,-10.6369205780522,"Pasture","2018-07-14","2019-08-10"
655,-63.7193009446964,-10.5992607728157,"Pasture","2018-07-14","2019-08-10"
656,-63.7344219271019,-10.5912723292807,"Pasture","2018-07-14","2019-08-10"
657,-63.7515400203912,-10.5841397904102,"Pasture","2018-07-14","2019-08-10"
658,-63.7563901468232,-10.5637407292404,"Pasture","2018-07-14","2019-08-10"
659,-63.8053193634751,-10.5557522857054,"Pasture","2018-07-14","2019-08-10"
660,-63.8168740764454,-10.5414872079643,"Pasture","2018-07-14","2019-08-10"
661,-63.8181579334421,-10.5275074317781,"Pasture","2018-07-14","2019-08-10"
662,-63.7993280308238,-10.5280780348877,"Pasture","2018-07-14","2019-08-10"
663,-63.7630947333615,-10.5608877136922,"Pasture","2018-07-14","2019-08-10"
664,-63.7341366255471,-10.546907937506,"Pasture","2018-07-14","2019-08-10"
665,-64.0206478848096,-10.6248844389022,"Pasture","2018-07-14","2019-08-10"
666,-63.9903412990348,-10.7005723888683,"Pasture","2018-07-14","2019-08-10"
667,-64.0547231651885,-10.6022722712775,"Pasture","2018-07-14","2019-08-10"
668,-64.0068293379278,-10.62896719139,"Pasture","2018-07-14","2019-08-10"
669,-64.0392558144175,-10.6138924129735,"Pasture","2018-07-14","2019-08-10"
670,-64.0462436023293,-10.625119982315,"Pasture","2018-07-14","2019-08-10"
671,-64.0267720135413,-10.634855776709,"Pasture","2018-07-14","2019-08-10"
672,-64.0248876662392,-10.6536207352586,"Pasture","2018-07-14","2019-08-10"
673,-64.0322680265056,-10.6423931659172,"Pasture","2018-07-14","2019-08-10"
674,-64.012482379834,-10.6213512877109,"Pasture","2018-07-14","2019-08-10"
675,-64.0026680709691,-10.6083964000092,"Pasture","2018-07-14","2019-08-10"
676,-64.0233958912918,-10.6016441555101,"Pasture","2018-07-14","2019-08-10"
677,-64.0285778463724,-10.6452196868703,"Pasture","2018-07-14","2019-08-10"
678,-64.0839469981747,-10.1634707206892,"Pasture","2018-07-14","2019-08-10"
679,-64.1804975679402,-10.1291854163235,"Pasture","2018-07-14","2019-08-10"
680,-63.9803029171611,-10.1339144238222,"Pasture","2018-07-14","2019-08-10"
681,-64.0975428947335,-10.1723376097493,"Pasture","2018-07-14","2019-08-10"
682,-64.1422714239922,-10.1140131839317,"Pasture","2018-07-14","2019-08-10"
683,-64.0597108347438,-10.1926329335979,"Pasture","2018-07-14","2019-08-10"
684,-64.0679865978665,-10.1116486801824,"Pasture","2018-07-14","2019-08-10"
685,-64.0049331645503,-10.1356878016342,"Pasture","2018-07-14","2019-08-10"
686,-64.0737008152608,-10.1884950520365,"Pasture","2018-07-14","2019-08-10"
687,-64.0979369786917,-10.232829497337,"Pasture","2018-07-14","2019-08-10"
688,-64.0906464254645,-10.2286916157756,"Pasture","2018-07-14","2019-08-10"
689,-63.9938988137199,-10.2034702424491,"Pasture","2018-07-14","2019-08-10"
690,-64.100104440462,-10.1672145182923,"Pasture","2018-07-14","2019-08-10"
691,-64.0983310626499,-10.1207126112216,"Pasture","2018-07-14","2019-08-10"
692,-64.0224699006913,-10.1638648046474,"Pasture","2018-07-14","2019-08-10"
693,-64.0953754329633,-10.2615976262875,"Pasture","2018-07-14","2019-08-10"
694,-64.1083802035847,-10.1800222469347,"Pasture","2018-07-14","2019-08-10"
695,-64.0352776293337,-10.199726444846,"Pasture","2018-07-14","2019-08-10"
696,-64.0342924194381,-10.2093815018225,"Pasture","2018-07-14","2019-08-10"
697,-64.0936020551512,-10.1837660445378,"Pasture","2018-07-14","2019-08-10"
698,-64.1097594974385,-10.1867216742245,"Pasture","2018-07-14","2019-08-10"
699,-63.8248367956408,-10.0339156194222,"Pasture","2018-07-14","2019-08-10"
700,-63.820797435069,-10.0994320774774,"Pasture","2018-07-14","2019-08-10"
701,-63.7717339822698,-10.093520818104,"Pasture","2018-07-14","2019-08-10"
702,-63.8333096007427,-10.0616000174876,"Pasture","2018-07-14","2019-08-10"
703,-63.8439498676148,-10.1035699590387,"Pasture","2018-07-14","2019-08-10"
704,-63.7944923308573,-10.037954979994,"Pasture","2018-07-14","2019-08-10"
705,-63.7672020167502,-10.0364771651507,"Pasture","2018-07-14","2019-08-10"
706,-63.8097630842386,-10.0556887581142,"Pasture","2018-07-14","2019-08-10"
707,-63.8392208601161,-10.0605162866025,"Pasture","2018-07-14","2019-08-10"
708,-63.8441469095939,-10.0983483465922,"Pasture","2018-07-14","2019-08-10"
709,-63.8197137041838,-10.095294195916,"Pasture","2018-07-14","2019-08-10"
710,-63.8145906127269,-10.0665260669655,"Pasture","2018-07-14","2019-08-10"
711,-63.8534078826122,-10.030861468746,"Pasture","2018-07-14","2019-08-10"
712,-63.8544916134973,-10.0262309822368,"Pasture","2018-07-14","2019-08-10"
713,-63.8433587416774,-10.0334230144744,"Pasture","2018-07-14","2019-08-10"
714,-63.836560793398,-10.0341126614013,"Pasture","2018-07-14","2019-08-10"
715,-63.771241377322,-10.0481026419184,"Pasture","2018-07-14","2019-08-10"
716,-64.0342924194382,-10.0454425752003,"Pasture","2018-07-14","2019-08-10"
717,-64.0066080213728,-10.0946045489891,"Pasture","2018-07-14","2019-08-10"
718,-63.9822733369523,-10.1060329837777,"Pasture","2018-07-14","2019-08-10"
719,-63.9886772012735,-10.1087915714852,"Pasture","2018-07-14","2019-08-10"
720,-64.0390214269369,-10.0831761142005,"Pasture","2018-07-14","2019-08-10"
721,-64.0335042515217,-10.0654423360803,"Pasture","2018-07-14","2019-08-10"
722,-64.0236521525661,-10.0618955804563,"Pasture","2018-07-14","2019-08-10"
723,-64.0341938984486,-10.055294674156,"Pasture","2018-07-14","2019-08-10"
724,-63.9674951885188,-10.0000243990147,"Pasture","2018-07-14","2019-08-10"
725,-63.9903520580959,-10.0061327003672,"Pasture","2018-07-14","2019-08-10"
726,-64.000105636062,-10.0124380436989,"Pasture","2018-07-14","2019-08-10"
727,-64.0125192807462,-9.99775841625493,"Pasture","2018-07-14","2019-08-10"
728,-64.0844888636173,-10.0414524751233,"Pasture","2018-07-14","2019-08-10"
729,-64.0908434674437,-10.027511755101,"Pasture","2018-07-14","2019-08-10"
730,-64.0670999089605,-10.0222408821598,"Pasture","2018-07-14","2019-08-10"
731,-64.0745382436721,-10.0236694365083,"Pasture","2018-07-14","2019-08-10"
732,-64.0985773651239,-10.0509104901207,"Pasture","2018-07-14","2019-08-10"
733,-64.0845381241121,-10.0577576988949,"Pasture","2018-07-14","2019-08-10"
734,-64.0641935397686,-10.0487430283505,"Pasture","2018-07-14","2019-08-10"
735,-64.8523154126469,-10.1659072420723,"Deforestation","2018-07-14","2019-08-10"
736,-65.1950229993781,-10.7784692937419,"NatNonForest","2018-07-14","2019-08-10"
737,-65.193418042584,-10.6571912121827,"Pasture","2018-07-14","2019-08-10"
738,-64.8562274000995,-10.068614402098,"Pasture","2018-07-14","2019-08-10"
739,-65.0756403230942,-10.9110744174606,"NatNonForest","2018-07-14","2019-08-10"
740,-65.1352806977819,-10.7711140500272,"NatNonForest","2018-07-14","2019-08-10"
741,-65.1292397266386,-10.7699806343758,"NatNonForest","2018-07-14","2019-08-10"
742,-65.1279042872737,-10.7880663993827,"Forest","2018-07-14","2019-08-10"
743,-65.0032354534859,-10.3696668693654,"Pasture","2018-07-14","2019-08-10"
744,-65.1527972615144,-10.843298032317,"NatNonForest","2018-07-14","2019-08-10"
745,-64.8005013556202,-10.2334556317733,"Pasture","2018-07-14","2019-08-10"
746,-64.9031430778635,-10.1047780813356,"Forest","2018-07-14","2019-08-10"
747,-64.9322367217948,-10.6972391592517,"NatNonForest","2018-07-14","2019-08-10"
748,-64.9941544714307,-10.9114352718292,"NatNonForest","2018-07-14","2019-08-10"
749,-64.9290951840235,-10.0968530130153,"Pasture","2018-07-14","2019-08-10"
750,-64.7605876258079,-10.0779972905941,"Pasture","2018-07-14","2019-08-10"
751,-65.1672717535606,-10.7836356783184,"NatNonForest","2018-07-14","2019-08-10"
752,-64.9271923258967,-10.2510805767582,"Pasture","2018-07-14","2019-08-10"
753,-65.1516818031148,-10.8279409946253,"NatNonForest","2018-07-14","2019-08-10"
754,-64.7437204986806,-10.4464863846646,"Pasture","2018-07-14","2019-08-10"
755,-64.9296838080406,-10.2555855895388,"Deforestation","2018-07-14","2019-08-10"
756,-64.8749775334965,-10.0615478152902,"Forest","2018-07-14","2019-08-10"
757,-65.1238949406956,-10.6589359688273,"Pasture","2018-07-14","2019-08-10"
758,-65.0812087405107,-10.7374065008116,"NatNonForest","2018-07-14","2019-08-10"
759,-64.7623062602783,-10.8674765582521,"NatNonForest","2018-07-14","2019-08-10"
760,-64.9567416950271,-10.006927249581,"Deforestation","2018-07-14","2019-08-10"
761,-64.9071181780393,-10.1445301013405,"Forest","2018-07-14","2019-08-10"
762,-65.2725897527461,-10.9067837996701,"Pasture","2018-07-14","2019-08-10"
763,-64.7808434991807,-10.1284244835545,"Forest","2018-07-14","2019-08-10"
764,-64.8098458361954,-10.1100951838778,"Pasture","2018-07-14","2019-08-10"
765,-64.8310096617904,-10.3012667929035,"Deforestation","2018-07-14","2019-08-10"
766,-64.885854393474,-10.1280196057811,"Forest","2018-07-14","2019-08-10"
767,-64.7403877697912,-10.3560099104344,"Forest","2018-07-14","2019-08-10"
768,-65.1396381212505,-10.7668360258147,"NatNonForest","2018-07-14","2019-08-10"
769,-64.805562074521,-10.1108419228017,"Pasture","2018-07-14","2019-08-10"
770,-64.8931247366842,-10.3082313835294,"Deforestation","2018-07-14","2019-08-10"
771,-64.7480299008621,-10.4658091880384,"Forest","2018-07-14","2019-08-10"
772,-64.8291811333058,-10.1733597591171,"Pasture","2018-07-14","2019-08-10"
773,-65.1057893234725,-10.8415442364682,"Forest","2018-07-14","2019-08-10"
774,-64.82071570155,-10.2412081025219,"Forest","2018-07-14","2019-08-10"
775,-65.0782686404405,-10.0588868699274,"Pasture","2018-07-14","2019-08-10"
776,-64.8705609720554,-10.6404842677196,"NatNonForest","2018-07-14","2019-08-10"
777,-65.1923367924256,-10.3747591923564,"Forest","2018-07-14","2019-08-10"
778,-65.0439053574269,-9.98949972284161,"Deforestation","2018-07-14","2019-08-10"
779,-65.2336313810757,-10.7210748841647,"NatNonForest","2018-07-14","2019-08-10"
780,-65.2370162643594,-10.1729053610156,"Forest","2018-07-14","2019-08-10"
781,-65.2587283418793,-10.8023222516235,"Forest","2018-07-14","2019-08-10"
782,-64.8294981655879,-10.3713357072959,"Pasture","2018-07-14","2019-08-10"
783,-65.0864848050318,-10.0601005998432,"Deforestation","2018-07-14","2019-08-10"
784,-65.2015673099217,-10.0176884561765,"Deforestation","2018-07-14","2019-08-10"
785,-64.8116554255098,-10.662345253229,"NatNonForest","2018-07-14","2019-08-10"
786,-64.9096320232618,-9.98243201809897,"Deforestation","2018-07-14","2019-08-10"
787,-65.2003709722551,-10.8350084652438,"Pasture","2018-07-14","2019-08-10"
788,-65.1372266002966,-10.7618816199524,"NatNonForest","2018-07-14","2019-08-10"
789,-64.7591109109644,-10.0916563140344,"Pasture","2018-07-14","2019-08-10"
790,-64.7877198531559,-10.6169208519565,"NatNonForest","2018-07-14","2019-08-10"
791,-65.225428982389,-10.1727132167077,"Forest","2018-07-14","2019-08-10"
792,-64.9348473438027,-10.279238534016,"Forest","2018-07-14","2019-08-10"
793,-64.8961754231873,-10.2073297425215,"Forest","2018-07-14","2019-08-10"
794,-65.1880491153325,-10.7240196467683,"NatNonForest","2018-07-14","2019-08-10"
795,-65.1668185414988,-10.0441284527309,"Forest","2018-07-14","2019-08-10"
796,-64.8033510624764,-10.5238998190213,"Deforestation","2018-07-14","2019-08-10"
797,-65.2107092293381,-9.95363718686364,"Pasture","2018-07-14","2019-08-10"
798,-65.2293721064202,-9.96318399232532,"Deforestation","2018-07-14","2019-08-10"
799,-65.2149908089597,-10.8835269301971,"Pasture","2018-07-14","2019-08-10"
800,-65.1621881630568,-10.1835312856648,"Deforestation","2018-07-14","2019-08-10"
801,-64.8249514396099,-10.6544032889303,"NatNonForest","2018-07-14","2019-08-10"
802,-65.0684619451321,-10.1796182109324,"Pasture","2018-07-14","2019-08-10"
803,-65.1770876675368,-10.4137272281713,"Forest","2018-07-14","2019-08-10"
804,-64.8459387513159,-10.1677512514241,"Deforestation","2018-07-14","2019-08-10"
805,-64.9032309434303,-9.97939507749851,"Deforestation","2018-07-14","2019-08-10"
806,-64.8367451751551,-10.655147931438,"NatNonForest","2018-07-14","2019-08-10"
807,-64.801901201443,-10.3993353086576,"Forest","2018-07-14","2019-08-10"
808,-64.8612570605064,-10.2599624945636,"Forest","2018-07-14","2019-08-10"
809,-64.9595958168109,-10.8715247115124,"NatNonForest","2018-07-14","2019-08-10"
810,-64.8705668696933,-10.4142192132958,"Deforestation","2018-07-14","2019-08-10"
811,-64.917249015395,-10.2214892832438,"Pasture","2018-07-14","2019-08-10"
812,-64.9260191055216,-10.3883084264886,"Deforestation","2018-07-14","2019-08-10"
813,-64.9395405834558,-9.98207852454125,"Pasture","2018-07-14","2019-08-10"
814,-64.9857605915159,-10.6073254376014,"Pasture","2018-07-14","2019-08-10"
815,-64.9212520086916,-10.24975980856,"Pasture","2018-07-14","2019-08-10"
816,-65.1791499716788,-10.0743260758029,"Forest","2018-07-14","2019-08-10"
817,-64.7525142189801,-10.5966881615119,"NatNonForest","2018-07-14","2019-08-10"
818,-64.7768202340508,-10.3400807151752,"Pasture","2018-07-14","2019-08-10"
819,-65.2521918546994,-10.7715517700345,"Forest","2018-07-14","2019-08-10"
820,-64.7373496401596,-10.318237151594,"Forest","2018-07-14","2019-08-10"
821,-65.0353870986995,-10.1579510851044,"Deforestation","2018-07-14","2019-08-10"
822,-65.0052354610105,-10.4824627151023,"Forest","2018-07-14","2019-08-10"
823,-65.1275722388011,-10.0113013032413,"Forest","2018-07-14","2019-08-10"
824,-65.0861863281041,-10.7168556269928,"Forest","2018-07-14","2019-08-10"
825,-64.9575133575547,-10.9306539072692,"Forest","2018-07-14","2019-08-10"
826,-65.1319244799133,-10.242299832723,"Forest","2018-07-14","2019-08-10"
827,-65.0469413538217,-10.8467314637944,"Forest","2018-07-14","2019-08-10"
828,-64.938777146582,-10.7912073715059,"Forest","2018-07-14","2019-08-10"
829,-64.7486027102786,-10.807076143497,"Forest","2018-07-14","2019-08-10"
830,-65.2208966833597,-10.6664872076808,"Forest","2018-07-14","2019-08-10"
831,-65.1422186695594,-10.1988474219769,"Forest","2018-07-14","2019-08-10"
832,-65.113374627422,-10.5105050588363,"Forest","2018-07-14","2019-08-10"
833,-64.9147013045111,-10.1769385414378,"Forest","2018-07-14","2019-08-10"
834,-65.1518411698634,-10.6698621172199,"Forest","2018-07-14","2019-08-10"
835,-64.9413402250076,-10.3111092095145,"Forest","2018-07-14","2019-08-10"
836,-64.9479936755647,-10.8310124664228,"Forest","2018-07-14","2019-08-10"
837,-65.1050565147409,-10.8935199129742,"NatNonForest","2018-07-14","2019-08-10"
838,-64.9440016125366,-10.0726296961173,"Forest","2018-07-14","2019-08-10"
839,-65.1194175817279,-10.7247657735796,"Forest","2018-07-14","2019-08-10"
840,-64.8266801170937,-10.4518983347579,"Forest","2018-07-14","2019-08-10"
841,-65.2235894711031,-10.5332501994458,"Forest","2018-07-14","2019-08-10"
842,-64.8195112775587,-10.6924026126089,"Forest","2018-07-14","2019-08-10"
843,-64.9624482070513,-10.929989524639,"Forest","2018-07-14","2019-08-10"
844,-65.073383906594,-10.3052271637596,"Forest","2018-07-14","2019-08-10"
845,-65.0063752066422,-10.1873267262058,"Forest","2018-07-14","2019-08-10"
846,-64.8494172373225,-9.96143686677202,"Forest","2018-07-14","2019-08-10"
847,-65.0058497686187,-10.8550465574694,"Forest","2018-07-14","2019-08-10"
848,-64.7503361133358,-10.7747928904692,"Forest","2018-07-14","2019-08-10"
849,-65.2464235305113,-10.4701861570021,"Forest","2018-07-14","2019-08-10"
850,-65.0421569673652,-10.5556235769522,"Forest","2018-07-14","2019-08-10"
851,-65.1603587884046,-10.2772714271228,"Forest","2018-07-14","2019-08-10"
852,-65.1620083821408,-10.0613329497212,"Forest","2018-07-14","2019-08-10"
853,-65.1359447734009,-10.9290071246965,"Forest","2018-07-14","2019-08-10"
854,-64.7888968362929,-10.1328105218166,"Forest","2018-07-14","2019-08-10"
855,-65.2508929983946,-10.6077990565157,"Forest","2018-07-14","2019-08-10"
856,-64.9228403928933,-10.844096619552,"Forest","2018-07-14","2019-08-10"
857,-65.0953093530604,-10.7806965002011,"NatNonForest","2018-07-14","2019-08-10"
858,-65.1287685119835,-10.3567482680183,"Forest","2018-07-14","2019-08-10"
859,-65.1367409479282,-10.8096068994374,"NatNonForest","2018-07-14","2019-08-10"
860,-65.0627867890017,-10.6216531737232,"Forest","2018-07-14","2019-08-10"
861,-65.1526616103775,-10.339868303966,"Forest","2018-07-14","2019-08-10"
862,-65.1486450731113,-10.5260851808676,"Forest","2018-07-14","2019-08-10"
863,-65.1561138336849,-10.6016845670852,"Forest","2018-07-14","2019-08-10"
864,-65.156003377392,-10.3078501517559,"Forest","2018-07-14","2019-08-10"
865,-64.9784614928831,-10.8339821278991,"Forest","2018-07-14","2019-08-10"
866,-64.9167365207114,-10.571505316626,"Forest","2018-07-14","2019-08-10"
867,-64.8778215667525,-10.5120772308804,"Forest","2018-07-14","2019-08-10"
868,-64.7884026707371,-10.9339502265437,"Forest","2018-07-14","2019-08-10"
869,-64.9307952290909,-10.5551486089607,"Forest","2018-07-14","2019-08-10"
870,-65.0601631417213,-10.8414008673717,"Forest","2018-07-14","2019-08-10"
871,-65.1207090302859,-10.7264742643558,"Forest","2018-07-14","2019-08-10"
872,-65.1547821004866,-10.8905534366425,"Forest","2018-07-14","2019-08-10"
873,-65.1419304770672,-10.031545896959,"Forest","2018-07-14","2019-08-10"
874,-64.7378972599048,-10.2346999775529,"Forest","2018-07-14","2019-08-10"
875,-64.7455172781518,-10.7476994246016,"Forest","2018-07-14","2019-08-10"
876,-64.8156289942506,-10.4518710295269,"Forest","2018-07-14","2019-08-10"
877,-64.7613107331488,-10.1937113844959,"Pasture","2018-07-14","2019-08-10"
878,-65.1552484795128,-10.6865593151393,"Pasture","2018-07-14","2019-08-10"
879,-65.0717785054975,-10.8285785714906,"Pasture","2018-07-14","2019-08-10"
880,-64.968128602017,-10.3472854080781,"Pasture","2018-07-14","2019-08-10"
881,-64.9039083241508,-10.1725720367284,"Pasture","2018-07-14","2019-08-10"
882,-64.9234933400106,-10.3034418838732,"Pasture","2018-07-14","2019-08-10"
883,-64.9355270199679,-10.65392023874,"Pasture","2018-07-14","2019-08-10"
884,-65.0723348190513,-9.98625079033189,"Pasture","2018-07-14","2019-08-10"
885,-65.1868600620855,-10.3616911822658,"Pasture","2018-07-14","2019-08-10"
886,-64.9130466333928,-10.296724114228,"Pasture","2018-07-14","2019-08-10"
887,-65.2229745517943,-10.014563286835,"Pasture","2018-07-14","2019-08-10"
888,-64.9279899803231,-10.4118897744472,"Pasture","2018-07-14","2019-08-10"
889,-64.7458423181222,-10.2521959885671,"Pasture","2018-07-14","2019-08-10"
890,-64.8330375009165,-10.1134021517895,"Pasture","2018-07-14","2019-08-10"
891,-64.786115706336,-10.0586946161614,"Pasture","2018-07-14","2019-08-10"
892,-64.9325761343369,-10.6206734978744,"Pasture","2018-07-14","2019-08-10"
893,-65.0726868075855,-9.99863200326991,"Pasture","2018-07-14","2019-08-10"
894,-65.1974820861453,-10.8024022989673,"Pasture","2018-07-14","2019-08-10"
895,-64.8201040065196,-10.3889267878447,"Pasture","2018-07-14","2019-08-10"
896,-64.7838517796819,-10.193769890561,"Pasture","2018-07-14","2019-08-10"
897,-64.750773031648,-10.2358966318263,"Pasture","2018-07-14","2019-08-10"
898,-65.1814888887392,-10.3638064500541,"Pasture","2018-07-14","2019-08-10"
899,-65.0134944888541,-10.3892176210205,"Pasture","2018-07-14","2019-08-10"
900,-64.9974994739614,-10.7816140568565,"Pasture","2018-07-14","2019-08-10"
901,-64.7881352328666,-10.290477555649,"Pasture","2018-07-14","2019-08-10"
902,-64.7423314698674,-10.0419317428874,"Pasture","2018-07-14","2019-08-10"
903,-65.0770261125062,-10.078509130192,"Pasture","2018-07-14","2019-08-10"
904,-64.7640260326842,-10.3215278699232,"Pasture","2018-07-14","2019-08-10"
905,-65.1378884551646,-10.686949806227,"Pasture","2018-07-14","2019-08-10"
906,-65.2353346301212,-10.4006726858316,"Pasture","2018-07-14","2019-08-10"
907,-64.9008228611529,-10.252230278153,"Pasture","2018-07-14","2019-08-10"
908,-65.0681628243222,-10.3721480138033,"Pasture","2018-07-14","2019-08-10"
909,-65.1585438764274,-10.1707208084543,"Pasture","2018-07-14","2019-08-10"
910,-64.9668490581476,-10.2291483485192,"Pasture","2018-07-14","2019-08-10"
911,-64.749328354713,-10.4693277980498,"Pasture","2018-07-14","2019-08-10"
912,-65.1278378054694,-10.4215603944417,"Pasture","2018-07-14","2019-08-10"
913,-65.1311454385561,-10.7028129644536,"Pasture","2018-07-14","2019-08-10"
914,-64.8282077883654,-10.2585230598629,"Pasture","2018-07-14","2019-08-10"
915,-65.2436845143106,-10.4065792913598,"Pasture","2018-07-14","2019-08-10"
916,-64.9677167615273,-10.7565855268935,"Pasture","2018-07-14","2019-08-10"
917,-65.1046719463142,-10.009458576963,"Pasture","2018-07-14","2019-08-10"
918,-64.8863721737594,-10.729610360908,"Pasture","2018-07-14","2019-08-10"
919,-65.0943411147665,-10.7596433822402,"Pasture","2018-07-14","2019-08-10"
920,-64.7526904708007,-10.2857895479718,"Pasture","2018-07-14","2019-08-10"
921,-65.125636231849,-10.0220697190992,"Pasture","2018-07-14","2019-08-10"
922,-64.9452740060988,-10.2528711294437,"Pasture","2018-07-14","2019-08-10"
923,-64.8916507823457,-10.1207544195419,"Pasture","2018-07-14","2019-08-10"
924,-65.0082110227949,-10.6731676232439,"Pasture","2018-07-14","2019-08-10"
925,-65.140428954447,-10.8526032046572,"NatNonForest","2018-07-14","2019-08-10"
926,-65.0322632198973,-10.6345066019394,"Pasture","2018-07-14","2019-08-10"
927,-64.8255812215948,-10.3571651036555,"Pasture","2018-07-14","2019-08-10"
928,-64.8995190812102,-10.2325312386815,"Pasture","2018-07-14","2019-08-10"
929,-65.0852772249447,-10.7575351889098,"Pasture","2018-07-14","2019-08-10"
930,-64.7705418283347,-10.4250036717726,"Pasture","2018-07-14","2019-08-10"
931,-65.2409855655303,-10.6272105824035,"Pasture","2018-07-14","2019-08-10"
932,-65.2314024777515,-10.703738393886,"Pasture","2018-07-14","2019-08-10"
933,-65.2471487869596,-10.620478623268,"Pasture","2018-07-14","2019-08-10"
934,-64.821366435166,-10.2432836894715,"Pasture","2018-07-14","2019-08-10"
935,-64.9088364550148,-10.2796639738944,"Pasture","2018-07-14","2019-08-10"
936,-65.0051014643298,-10.1586801115487,"Pasture","2018-07-14","2019-08-10"
937,-64.9077013054437,-10.7053448982784,"Pasture","2018-07-14","2019-08-10"
938,-64.7732412301637,-10.4501206313294,"Pasture","2018-07-14","2019-08-10"
939,-64.7878551997,-10.321758392158,"Pasture","2018-07-14","2019-08-10"
940,-65.1595908437913,-10.3919730697782,"Pasture","2018-07-14","2019-08-10"
941,-64.8756363760122,-10.0334297825751,"Pasture","2018-07-14","2019-08-10"
942,-64.8478161484557,-9.98476928523334,"Pasture","2018-07-14","2019-08-10"
943,-64.7728774423458,-10.056596100946,"Pasture","2018-07-14","2019-08-10"
944,-65.116307199678,-10.0739211574261,"Pasture","2018-07-14","2019-08-10"
945,-65.0080390139706,-10.6887157840658,"Pasture","2018-07-14","2019-08-10"
946,-64.9579782587331,-10.6493514483104,"Pasture","2018-07-14","2019-08-10"
947,-64.8357388946645,-10.2666166198347,"Pasture","2018-07-14","2019-08-10"
948,-64.9120739776789,-10.3170690995087,"Pasture","2018-07-14","2019-08-10"
949,-65.1572686085678,-10.102850483358,"Pasture","2018-07-14","2019-08-10"
950,-64.9668418788256,-10.3897782343844,"Pasture","2018-07-14","2019-08-10"
951,-65.2560208661283,-10.6715680520087,"Pasture","2018-07-14","2019-08-10"
952,-64.7527833193555,-10.3026042349384,"Pasture","2018-07-14","2019-08-10"
953,-64.9364984751628,-10.0686963050707,"Pasture","2018-07-14","2019-08-10"
954,-65.2436472754845,-10.5787493327189,"Pasture","2018-07-14","2019-08-10"
955,-64.7519256885012,-10.1963835849852,"Pasture","2018-07-14","2019-08-10"
956,-65.1369882880386,-10.8444927285293,"Pasture","2018-07-14","2019-08-10"
957,-65.1759400592926,-10.0444302054972,"Pasture","2018-07-14","2019-08-10"
958,-65.1727489922659,-10.782603099108,"Pasture","2018-07-14","2019-08-10"
959,-65.1656397282552,-10.086164872911,"Pasture","2018-07-14","2019-08-10"
960,-65.1477637115694,-10.0172272661689,"Pasture","2018-07-14","2019-08-10"
961,-65.2426264270234,-10.6891071748492,"Pasture","2018-07-14","2019-08-10"
962,-65.2504243673441,-10.9019768430851,"NatNonForest","2018-07-14","2019-08-10"
963,-64.9637556716843,-10.1711337341579,"Pasture","2018-07-14","2019-08-10"
964,-65.0264778635455,-10.7129112333234,"Pasture","2018-07-14","2019-08-10"
965,-64.834673985707,-10.1123986202246,"Pasture","2018-07-14","2019-08-10"
966,-64.7415810940721,-10.0721312701036,"Pasture","2018-07-14","2019-08-10"
967,-65.1688254822156,-10.3542211668872,"Deforestation","2018-07-14","2019-08-10"
968,-65.1386097072631,-10.0257826187054,"Deforestation","2018-07-14","2019-08-10"
969,-65.0232770088145,-10.1762851670863,"Deforestation","2018-07-14","2019-08-10"
970,-64.7509916623286,-10.5860291025164,"NatNonForest","2018-07-14","2019-08-10"
971,-64.8417962989984,-10.000803690116,"Pasture","2018-07-14","2019-08-10"
972,-64.8603725790248,-10.0118196184062,"Forest","2018-07-14","2019-08-10"
973,-64.8781851497202,-10.7064280776607,"Pasture","2018-07-14","2019-08-10"
974,-65.0869520111649,-10.0901970688504,"Deforestation","2018-07-14","2019-08-10"
975,-64.9912076833607,-10.1692504383699,"Pasture","2018-07-14","2019-08-10"
976,-65.0831894136431,-10.0582232007281,"Deforestation","2018-07-14","2019-08-10"
977,-64.8412770547386,-10.6944445276053,"NatNonForest","2018-07-14","2019-08-10"
978,-65.1088732001793,-10.0948481830536,"Forest","2018-07-14","2019-08-10"
979,-65.2281948252863,-10.2031525184515,"Pasture","2018-07-14","2019-08-10"
980,-64.8987525137945,-10.3181420669329,"Deforestation","2018-07-14","2019-08-10"
981,-64.9536302919235,-10.6982810294441,"NatNonForest","2018-07-14","2019-08-10"
982,-64.9566276373249,-10.8791365153343,"NatNonForest","2018-07-14","2019-08-10"
983,-64.872512981083,-9.99773943893612,"Forest","2018-07-14","2019-08-10"
984,-65.0196800449776,-10.4140361649365,"Deforestation","2018-07-14","2019-08-10"
985,-64.8511092101685,-10.6274920012007,"NatNonForest","2018-07-14","2019-08-10"
986,-65.012433663525,-10.7176121343334,"Pasture","2018-07-14","2019-08-10"
987,-65.0303066103997,-10.4052914861581,"Deforestation","2018-07-14","2019-08-10"
988,-64.8680836343236,-10.411250574583,"Deforestation","2018-07-14","2019-08-10"
989,-65.2579810641345,-10.885472982341,"NatNonForest","2018-07-14","2019-08-10"
990,-65.0878353947457,-10.9156010997969,"NatNonForest","2018-07-14","2019-08-10"
991,-65.1797589722819,-10.8671493733097,"Deforestation","2018-07-14","2019-08-10"
992,-64.8990580808305,-10.0145839913896,"Pasture","2018-07-14","2019-08-10"
993,-65.0604488529342,-10.7895171468914,"Pasture","2018-07-14","2019-08-10"
994,-65.1074998121624,-10.7459062551762,"NatNonForest","2018-07-14","2019-08-10"
995,-65.2172117126689,-10.1054351123567,"Forest","2018-07-14","2019-08-10"
996,-64.851843517065,-10.7186085379595,"Pasture","2018-07-14","2019-08-10"
997,-65.0155785012841,-10.0684947603442,"Deforestation","2018-07-14","2019-08-10"
998,-65.1913763690084,-10.3020989559204,"Forest","2018-07-14","2019-08-10"
999,-64.9802072420031,-10.5962422748097,"Pasture","2018-07-14","2019-08-10"
1000,-65.0242572120301,-10.8591742349541,"NatNonForest","2018-07-14","2019-08-10"
1001,-65.0485823547376,-10.8728423427468,"NatNonForest","2018-07-14","2019-08-10"
1002,-65.18302080076,-10.0395933005471,"Deforestation","2018-07-14","2019-08-10"
1003,-65.1606291067678,-10.018409216482,"Deforestation","2018-07-14","2019-08-10"
1004,-64.9920461884444,-10.0833715797983,"Pasture","2018-07-14","2019-08-10"
1005,-64.8860593758056,-9.97461108670384,"Deforestation","2018-07-14","2019-08-10"
1006,-64.8134748255111,-10.2358244535401,"Forest","2018-07-14","2019-08-10"
1007,-64.7430834609695,-10.2817731772554,"Deforestation","2018-07-14","2019-08-10"
1008,-64.979050412814,-10.7142104347619,"NatNonForest","2018-07-14","2019-08-10"
1009,-64.9853592692127,-10.700521264233,"NatNonForest","2018-07-14","2019-08-10"
1010,-64.8444873543005,-9.99283345738954,"Deforestation","2018-07-14","2019-08-10"
1011,-65.1130327164141,-10.351609619132,"Pasture","2018-07-14","2019-08-10"
1012,-65.0843665460798,-10.9296343602679,"NatNonForest","2018-07-14","2019-08-10"
1013,-64.7415485993056,-10.3181241295873,"Forest","2018-07-14","2019-08-10"
1014,-65.0747818881492,-10.8132832055597,"Deforestation","2018-07-14","2019-08-10"
1015,-65.0105825839246,-9.98310385182182,"Deforestation","2018-07-14","2019-08-10"
1016,-65.2593359876819,-10.7367051380759,"NatNonForest","2018-07-14","2019-08-10"
1017,-65.1410618996839,-9.96855245537441,"Pasture","2018-07-14","2019-08-10"
1018,-65.1348881648252,-10.0284277790813,"Deforestation","2018-07-14","2019-08-10"
1019,-65.1460141918602,-10.3153281451075,"Forest","2018-07-14","2019-08-10"
1020,-64.9007123259478,-10.8876232618203,"NatNonForest","2018-07-14","2019-08-10"
1021,-65.0102821470362,-9.96385191049954,"Deforestation","2018-07-14","2019-08-10"
1022,-64.7533753569736,-10.3271005401692,"Deforestation","2018-07-14","2019-08-10"
1023,-64.9162534229741,-10.6113724319592,"Deforestation","2018-07-14","2019-08-10"
1024,-64.7427131592854,-10.1129886836317,"Pasture","2018-07-14","2019-08-10"
1025,-65.0496197002811,-10.8908223684694,"Pasture","2018-07-14","2019-08-10"
1026,-64.8919704275327,-10.7331921819881,"Pasture","2018-07-14","2019-08-10"
1027,-64.8417192829721,-10.6464404832222,"NatNonForest","2018-07-14","2019-08-10"
1028,-64.8188429770746,-10.6105950851842,"NatNonForest","2018-07-14","2019-08-10"
1029,-64.8770857735163,-10.6911577183615,"Deforestation","2018-07-14","2019-08-10"
1030,-65.2014563588831,-10.656863651698,"Pasture","2018-07-14","2019-08-10"
1031,-65.207457168149,-10.7285822826623,"NatNonForest","2018-07-14","2019-08-10"
1032,-65.0118989749792,-10.0781891893107,"Deforestation","2018-07-14","2019-08-10"
1033,-64.7791237334076,-10.2133228267631,"Pasture","2018-07-14","2019-08-10"
1034,-65.2293006343483,-10.7411697368243,"NatNonForest","2018-07-14","2019-08-10"
1035,-65.2425736606239,-10.8915508040716,"NatNonForest","2018-07-14","2019-08-10"
1036,-64.9698771649993,-10.3348908042856,"Deforestation","2018-07-14","2019-08-10"
1037,-64.7461990206319,-10.4323698395129,"Deforestation","2018-07-14","2019-08-10"
1038,-65.1291410528009,-10.8208668394009,"NatNonForest","2018-07-14","2019-08-10"
1039,-65.1783477826972,-10.036279847563,"Pasture","2018-07-14","2019-08-10"
1040,-64.750400990127,-10.1005623712947,"Deforestation","2018-07-14","2019-08-10"
1041,-64.8938728601555,-10.2959329371205,"Deforestation","2018-07-14","2019-08-10"
1042,-64.7522050072162,-10.4448126515163,"Deforestation","2018-07-14","2019-08-10"
1043,-64.883665497886,-10.1437615557051,"Deforestation","2018-07-14","2019-08-10"
1044,-64.9451010156383,-10.2244880454072,"Deforestation","2018-07-14","2019-08-10"
1045,-64.9276506287218,-10.0379226193106,"Deforestation","2018-07-14","2019-08-10"
1046,-65.1433423732578,-9.96871858853222,"Forest","2018-07-14","2019-08-10"
1047,-65.1827212161462,-10.1574549731144,"Forest","2018-07-14","2019-08-10"
1048,-65.1668187215071,-10.0851629073611,"Forest","2018-07-14","2019-08-10"
1049,-65.1654381912008,-10.9099101411011,"Forest","2018-07-14","2019-08-10"
1050,-65.0398927249421,-9.98943393169851,"Deforestation","2018-07-14","2019-08-10"
1051,-64.9489566370504,-10.1832447600341,"Deforestation","2018-07-14","2019-08-10"
1052,-65.0296838808594,-10.0633465139306,"Deforestation","2018-07-14","2019-08-10"
1053,-65.1190248381134,-10.7339875860082,"NatNonForest","2018-07-14","2019-08-10"
1054,-64.9159808172906,-10.9154598419553,"Forest","2018-07-14","2019-08-10"
1055,-64.8922385295992,-10.251376408755,"Forest","2018-07-14","2019-08-10"
1056,-64.9706431212109,-10.9105028306282,"Forest","2018-07-14","2019-08-10"
1057,-64.999717317216,-10.0700373864179,"Forest","2018-07-14","2019-08-10"
1058,-64.9206618165429,-10.54156072586,"Forest","2018-07-14","2019-08-10"
1059,-64.7475646764464,-10.5940035868584,"NatNonForest","2018-07-14","2019-08-10"
1060,-65.0989115566946,-10.8255027813629,"Forest","2018-07-14","2019-08-10"
1061,-65.0381877812921,-10.3533576979191,"Forest","2018-07-14","2019-08-10"
1062,-64.8755157911274,-10.3866188828951,"Forest","2018-07-14","2019-08-10"
1063,-64.8398287611887,-10.466919457223,"Forest","2018-07-14","2019-08-10"
1064,-64.7728495962435,-10.8252893024182,"Forest","2018-07-14","2019-08-10"
1065,-64.914877496827,-10.7708367607142,"Forest","2018-07-14","2019-08-10"
1066,-64.9804917472903,-9.96818810658987,"Forest","2018-07-14","2019-08-10"
1067,-64.786940019534,-10.4179514987482,"Forest","2018-07-14","2019-08-10"
1068,-64.9771239633337,-10.9085628527464,"Forest","2018-07-14","2019-08-10"
1069,-64.9028335452569,-10.4495548140414,"Forest","2018-07-14","2019-08-10"
1070,-64.7872192927167,-9.97705381522225,"Forest","2018-07-14","2019-08-10"
1071,-64.8407954145791,-10.4914120575127,"Forest","2018-07-14","2019-08-10"
1072,-64.8157859317759,-10.3685206528189,"Forest","2018-07-14","2019-08-10"
1073,-65.1747958845649,-10.9014384970201,"Forest","2018-07-14","2019-08-10"
1074,-65.1197180934805,-10.8459678469004,"Forest","2018-07-14","2019-08-10"
1075,-65.2042984419541,-10.1644507227912,"Forest","2018-07-14","2019-08-10"
1076,-64.8205791286566,-10.5019245126993,"Forest","2018-07-14","2019-08-10"
1077,-64.7771490628756,-10.8720015002796,"NatNonForest","2018-07-14","2019-08-10"
1078,-64.8321725481188,-10.8665256258739,"Forest","2018-07-14","2019-08-10"
1079,-65.2394829004212,-10.3678362884752,"Forest","2018-07-14","2019-08-10"
1080,-64.9966840937934,-10.5019506623852,"Forest","2018-07-14","2019-08-10"
1081,-64.7989443803591,-10.7694521229699,"Forest","2018-07-14","2019-08-10"
1082,-65.0013248765648,-10.5840867740827,"Forest","2018-07-14","2019-08-10"
1083,-64.8872840522618,-10.9336266905604,"Forest","2018-07-14","2019-08-10"
1084,-65.1014454849551,-10.1867293431221,"Forest","2018-07-14","2019-08-10"
1085,-65.021764578264,-10.7737735394135,"Forest","2018-07-14","2019-08-10"
1086,-65.1695856646855,-10.2786559231075,"Forest","2018-07-14","2019-08-10"
1087,-64.9755882338287,-10.7440615351625,"Forest","2018-07-14","2019-08-10"
1088,-65.0099156510998,-10.4717670618151,"Forest","2018-07-14","2019-08-10"
1089,-65.0272344213164,-10.6616558455167,"Forest","2018-07-14","2019-08-10"
1090,-65.2464721646274,-10.8748931270845,"Forest","2018-07-14","2019-08-10"
1091,-64.8034567013093,-10.6823709993007,"NatNonForest","2018-07-14","2019-08-10"
1092,-65.1854699507969,-10.1457772751541,"Forest","2018-07-14","2019-08-10"
1093,-65.2291482707152,-10.6200646248009,"Pasture","2018-07-14","2019-08-10"
1094,-64.8633550507956,-10.9101802352573,"Forest","2018-07-14","2019-08-10"
1095,-65.0608933867581,-10.1944898645544,"Forest","2018-07-14","2019-08-10"
1096,-64.7609690433165,-10.9355559653966,"Forest","2018-07-14","2019-08-10"
1097,-65.0293184930001,-10.7824014325338,"Forest","2018-07-14","2019-08-10"
1098,-64.9131316123853,-10.5351882783282,"Forest","2018-07-14","2019-08-10"
1099,-64.9497727577924,-10.7808335512355,"Forest","2018-07-14","2019-08-10"
1100,-64.7560188789461,-10.3263629328814,"Forest","2018-07-14","2019-08-10"
1101,-65.1052149030559,-10.7854196780107,"NatNonForest","2018-07-14","2019-08-10"
1102,-64.8124307152373,-10.4987167125126,"Forest","2018-07-14","2019-08-10"
1103,-64.7634393614577,-10.6056673742676,"Forest","2018-07-14","2019-08-10"
1104,-64.9782248743886,-10.529183879585,"Forest","2018-07-14","2019-08-10"
1105,-64.7522148495165,-10.624353038444,"NatNonForest","2018-07-14","2019-08-10"
1106,-65.0385657810807,-10.3270518266541,"Forest","2018-07-14","2019-08-10"
1107,-65.0418630242917,-10.8259761062901,"Forest","2018-07-14","2019-08-10"
1108,-64.9918468226648,-10.3878160999728,"Forest","2018-07-14","2019-08-10"
1109,-64.9220119625837,-10.8289156958078,"Forest","2018-07-14","2019-08-10"
1110,-65.215665036327,-10.5490317455683,"Forest","2018-07-14","2019-08-10"
1111,-65.0744378396001,-10.5335396195783,"Forest","2018-07-14","2019-08-10"
1112,-64.9302834128009,-10.5022709020888,"Forest","2018-07-14","2019-08-10"
1113,-65.1286846790576,-10.2627481821365,"Forest","2018-07-14","2019-08-10"
1114,-64.7726311657566,-10.1116536897812,"Forest","2018-07-14","2019-08-10"
1115,-65.2367344410595,-10.4688083188274,"Forest","2018-07-14","2019-08-10"
1116,-65.2012092365055,-10.166279134791,"Forest","2018-07-14","2019-08-10"
1117,-64.8264848544613,-10.8936788194167,"NatNonForest","2018-07-14","2019-08-10"
1118,-64.7666263336809,-10.1480285477268,"Forest","2018-07-14","2019-08-10"
1119,-64.8195121302044,-10.6310214981607,"NatNonForest","2018-07-14","2019-08-10"
1120,-64.7801455616718,-10.3144783655033,"Pasture","2018-07-14","2019-08-10"
1121,-64.8544903964429,-10.7179600048153,"Pasture","2018-07-14","2019-08-10"
1122,-64.7497541623957,-10.2498244265221,"Pasture","2018-07-14","2019-08-10"
1123,-64.9130085354117,-10.1069808797835,"Pasture","2018-07-14","2019-08-10"
1124,-65.234468192337,-10.4200197847479,"Pasture","2018-07-14","2019-08-10"
1125,-64.8144909470147,-10.205805407093,"Pasture","2018-07-14","2019-08-10"
1126,-64.9716521307142,-10.1792217534096,"Pasture","2018-07-14","2019-08-10"
1127,-65.2319224499581,-10.3184514422513,"Pasture","2018-07-14","2019-08-10"
1128,-64.996270478225,-10.4373233193861,"Pasture","2018-07-14","2019-08-10"
1129,-64.9009148653617,-10.1291984304618,"Pasture","2018-07-14","2019-08-10"
1130,-65.2144989660177,-10.3977444448258,"Pasture","2018-07-14","2019-08-10"
1131,-65.1257894028158,-10.4022316481948,"Pasture","2018-07-14","2019-08-10"
1132,-64.9372905786876,-10.1096412369065,"Pasture","2018-07-14","2019-08-10"
1133,-65.0457946176076,-10.029079453105,"Pasture","2018-07-14","2019-08-10"
1134,-65.2405141884086,-10.2165346986507,"Pasture","2018-07-14","2019-08-10"
1135,-64.806272755257,-10.333588878135,"Pasture","2018-07-14","2019-08-10"
1136,-64.7903681563966,-10.167698156549,"Pasture","2018-07-14","2019-08-10"
1137,-65.0875396223848,-10.4167642988486,"Pasture","2018-07-14","2019-08-10"
1138,-65.1707303586965,-10.7687890256039,"Pasture","2018-07-14","2019-08-10"
1139,-65.0054207620242,-10.4259670891489,"Pasture","2018-07-14","2019-08-10"
1140,-64.9725562896031,-10.4273466556905,"Pasture","2018-07-14","2019-08-10"
1141,-64.9694198061767,-10.2316638434422,"Pasture","2018-07-14","2019-08-10"
1142,-65.1276896897783,-10.7835487275915,"Pasture","2018-07-14","2019-08-10"
1143,-64.853443835361,-10.6357948264795,"Pasture","2018-07-14","2019-08-10"
1144,-64.9654115569809,-10.6257125257068,"Pasture","2018-07-14","2019-08-10"
1145,-64.7714002599794,-10.5118757269988,"Pasture","2018-07-14","2019-08-10"
1146,-65.210333211679,-10.6587894426225,"Pasture","2018-07-14","2019-08-10"
1147,-65.1598588500285,-10.8971155102753,"Pasture","2018-07-14","2019-08-10"
1148,-65.144492277342,-10.6512937749405,"Pasture","2018-07-14","2019-08-10"
1149,-64.7610840612776,-10.3178373789818,"Pasture","2018-07-14","2019-08-10"
1150,-65.1697123868483,-10.0541421567987,"Pasture","2018-07-14","2019-08-10"
1151,-65.1015601588618,-10.6931618312305,"Pasture","2018-07-14","2019-08-10"
1152,-65.237074221224,-10.8407090645169,"Pasture","2018-07-14","2019-08-10"
1153,-64.8675585568588,-10.3226631207443,"Pasture","2018-07-14","2019-08-10"
1154,-65.0137691693539,-10.8086253705827,"Pasture","2018-07-14","2019-08-10"
1155,-64.9748134819612,-10.1591351909448,"Pasture","2018-07-14","2019-08-10"
1156,-64.7742728014004,-10.5030002613345,"Pasture","2018-07-14","2019-08-10"
1157,-65.0232697041072,-10.0585950349384,"Pasture","2018-07-14","2019-08-10"
1158,-65.2291719739071,-10.2124549883791,"Pasture","2018-07-14","2019-08-10"
1159,-64.9185927211401,-10.308171605372,"Pasture","2018-07-14","2019-08-10"
1160,-65.1052355567264,-10.4005596425134,"Pasture","2018-07-14","2019-08-10"
1161,-65.0837237100667,-10.1270960479,"Pasture","2018-07-14","2019-08-10"
1162,-64.8650981467047,-10.0725420757914,"Pasture","2018-07-14","2019-08-10"
1163,-65.0812237815167,-10.6592225887591,"Pasture","2018-07-14","2019-08-10"
1164,-65.2148646181379,-9.96147290770865,"Pasture","2018-07-14","2019-08-10"
1165,-65.2319765387828,-10.8683109541207,"Pasture","2018-07-14","2019-08-10"
1166,-65.1289316846226,-10.1074637351181,"Pasture","2018-07-14","2019-08-10"
1167,-64.8818765588706,-10.227661801713,"Pasture","2018-07-14","2019-08-10"
1168,-64.9272743378763,-10.4291595823385,"Pasture","2018-07-14","2019-08-10"
1169,-64.7997111474661,-10.2227925175963,"Pasture","2018-07-14","2019-08-10"
1170,-65.2258719970962,-10.9204123294932,"Pasture","2018-07-14","2019-08-10"
1171,-64.8263714838611,-10.0961724673804,"Pasture","2018-07-14","2019-08-10"
1172,-64.8355996797518,-10.3685889112642,"Pasture","2018-07-14","2019-08-10"
1173,-65.2688522729301,-10.8478873432118,"Pasture","2018-07-14","2019-08-10"
1174,-65.1474758289244,-10.1527166241843,"Pasture","2018-07-14","2019-08-10"
1175,-65.0706790526551,-10.6538693201042,"Pasture","2018-07-14","2019-08-10"
1176,-65.2431919006644,-10.4015215581636,"Pasture","2018-07-14","2019-08-10"
1177,-64.8572194964249,-10.4116753761022,"Pasture","2018-07-14","2019-08-10"
1178,-65.1216322853649,-9.95303954881746,"Pasture","2018-07-14","2019-08-10"
1179,-64.7657272019793,-10.3970957482917,"Pasture","2018-07-14","2019-08-10"
1180,-64.9394560602479,-10.7401311156923,"Pasture","2018-07-14","2019-08-10"
1181,-64.9333816142546,-10.6325101470814,"Pasture","2018-07-14","2019-08-10"
1182,-65.1108792078361,-10.0667248953456,"Pasture","2018-07-14","2019-08-10"
1183,-65.11187335609,-10.4100968484352,"Pasture","2018-07-14","2019-08-10"
1184,-64.9134674778381,-10.6628240833661,"NatNonForest","2018-07-14","2019-08-10"
1185,-64.807821128448,-10.3329473907557,"Pasture","2018-07-14","2019-08-10"
1186,-64.8187480036317,-10.1194479502768,"Pasture","2018-07-14","2019-08-10"
1187,-64.7690957779922,-10.4760892033164,"Pasture","2018-07-14","2019-08-10"
1188,-65.1936919548658,-10.1742832137549,"Pasture","2018-07-14","2019-08-10"
1189,-64.9128818789055,-10.3148044021616,"Pasture","2018-07-14","2019-08-10"
1190,-64.9480518297421,-10.3633169245399,"Pasture","2018-07-14","2019-08-10"
1191,-64.9725535533691,-10.6280179285974,"Pasture","2018-07-14","2019-08-10"
1192,-64.9259644384718,-10.2744100586284,"Pasture","2018-07-14","2019-08-10"
1193,-64.9005583881774,-10.1615629649338,"Pasture","2018-07-14","2019-08-10"
1194,-64.7575149858062,-10.3982257162801,"Pasture","2018-07-14","2019-08-10"
1195,-65.1715043405983,-10.6464982378357,"Pasture","2018-07-14","2019-08-10"
1196,-65.2538864594816,-10.6298295127849,"Pasture","2018-07-14","2019-08-10"
1197,-64.8778686247022,-10.1666657284233,"Pasture","2018-07-14","2019-08-10"
1198,-65.1213301881457,-10.4313652124843,"Pasture","2018-07-14","2019-08-10"
1199,-65.2334694409886,-10.0158486099577,"Pasture","2018-07-14","2019-08-10"
1200,-65.1636073483581,-10.8843454313674,"Pasture","2018-07-14","2019-08-10"
1201,-65.2224283586878,-10.8382845233521,"Pasture","2018-07-14","2019-08-10"
1202,-65.2210335029388,-10.064195593625,"Pasture","2018-07-14","2019-08-10"
1203,-64.9465583150643,-10.2539481784443,"Pasture","2018-07-14","2019-08-10"
